"Sample Name","Marker","Allele 1","Allele 2"
"MF","rs1490413","1","3"
"MF","rs7520386","1","1"
"MF","rs4847034","3","3"
"MF","rs560681","1","1"
"MF","rs10495407","1","3"
"MF","rs891700","3","3"
"MF","rs1413212","2","2"
"MF","rs876724","2","4"
"MF","rs1109037","1","3"
"MF","rs993934","3","3"
"MF","rs12997453","1","1"
"MF","rs907100","2","2"
"MF","rs1357617","4","4"
"MF","rs4364205","3","3"
"MF","rs9866013","2","4"
"MF","rs2399332","3","4"
"MF","rs1872575","1","3"
"MF","rs1355366","2","2"
"MF","rs6444724","2","4"
"MF","rs2046361","1","1"
"MF","rs279844","1","4"
"MF","rs13134862","1","1"
"MF","rs1554472","3","3"
"MF","rs6811238","3","4"
"MF","rs1979255","3","3"
"MF","rs717302","1","3"
"MF","rs159606","3","3"
"MF","rs7704770","1","3"
"MF","rs315791","2","2"
"MF","rs251934","1","3"
"MF","rs338882","1","3"
"MF","rs1029047","4","4"
"MF","rs13218440","1","3"
"MF","rs2811231","1","2"
"MF","rs1336071","2","4"
"MF","rs1478829","1","1"
"MF","rs1358856","1","1"
"MF","rs2503107","2","2"
"MF","rs2272998","2","3"
"MF","rs214955","2","4"
"MF","rs727811","4","4"
"MF","rs6955448","2","4"
"MF","rs917118","4","4"
"MF","rs1019029","1","3"
"MF","rs321198","2","4"
"MF","rs737681","4","4"
"MF","rs10092491","2","4"
"MF","rs4288409","1","2"
"MF","rs2056277","4","4"
"MF","rs4606077","2","2"
"MF","rs1015250","3","3"
"MF","rs2270529","2","4"
"MF","rs7041158","2","4"
"MF","rs1463729","2","4"
"MF","rs1360288","4","4"
"MF","rs10776839","3","4"
"MF","rs826472","2","4"
"MF","rs735155","2","2"
"MF","rs3780962","3","3"
"MF","rs1410059","2","2"
"MF","rs740598","1","1"
"MF","rs964681","4","4"
"MF","rs10768550","2","4"
"MF","rs10500617","1","4"
"MF","rs1498553","2","4"
"MF","rs901398","2","2"
"MF","rs6591147","2","2"
"MF","rs10488710","2","2"
"MF","rs590162","2","4"
"MF","rs2076848","4","4"
"MF","rs2107612","1","3"
"MF","rs2269355","2","3"
"MF","rs2111980","4","4"
"MF","rs10773760","1","3"
"MF","rs1335873","1","1"
"MF","rs1886510","1","3"
"MF","rs9546538","2","4"
"MF","rs1058083","3","3"
"MF","rs354439","1","4"
"MF","rs1454361","1","4"
"MF","rs722290","2","3"
"MF","rs873196","4","4"
"MF","rs4530059","1","3"
"MF","rs2016276","4","4"
"MF","rs1821380","2","3"
"MF","rs8037429","2","4"
"MF","rs1528460","4","4"
"MF","rs729172","3","4"
"MF","rs2342747","1","3"
"MF","rs7205345","2","3"
"MF","rs430046","4","4"
"MF","rs1382387","1","2"
"MF","rs9905977","1","3"
"MF","rs740910","1","1"
"MF","rs4796362","3","3"
"MF","rs2175957","4","4"
"MF","rs8070085","1","1"
"MF","rs1004357","1","1"
"MF","rs1027895","1","1"
"MF","rs938283","4","4"
"MF","rs8078417","2","2"
"MF","rs2291395","1","1"
"MF","rs4789798","2","2"
"MF","rs689512","2","2"
"MF","rs3744163","2","2"
"MF","rs2292972","2","2"
"MF","rs1493232","1","1"
"MF","rs9951171","1","1"
"MF","rs7229946","1","1"
"MF","rs985492","1","3"
"MF","rs521861","2","3"
"MF","rs1736442","2","2"
"MF","rs1024116","4","4"
"MF","rs719366","1","3"
"MF","rs1031825","1","2"
"MF","rs445251","2","2"
"MF","rs12480506","1","3"
"MF","rs2567608","2","4"
"MF","rs1005533","1","3"
"MF","rs1523537","4","4"
"MF","rs722098","1","3"
"MF","rs464663","2","2"
"MF","rs2830795","1","3"
"MF","rs2831700","1","3"
"MF","rs2833736","3","3"
"MF","rs914165","3","3"
"MF","rs221956","2","4"
"MF","rs9606186","2","3"
"MF","rs5746846","2","3"
"MF","rs2073383","4","4"
"MF","rs733164","3","3"
"MF","rs987640","1","4"
"MF","rs2040411","3","3"
"MF","rs1028528","1","3"
"MF","rs2534636","2","2"
"MF","rs9786608","2","2"
"MF","rs35284970","2","2"
"MF","rs9786184","1","1"
"MF","rs9786139","3","3"
"MF","rs16981290","2","2"
"MF","L298","4","4"
"MF","P256","3","3"
"MF","rs17306671","4","4"
"MF","rs4141886","1","1"
"MF","rs2032595","4","4"
"MF","rs2032597","1","1"
"MF","rs2032599","4","4"
"MF","rs20320","3","3"
"MF","rs2032602","4","4"
"MF","MSY2.2","3","3"
"MF","rs8179021","2","2"
"MF","rs2032624","2","2"
"MF","rs2032636","3","3"
"MF","rs9341278","3","3"
"MF","rs2032674","4","4"
"MF","rs2032658","3","3"
"MF","rs17269816","2","2"
"MF","rs3848982","2","2"
"MF","rs3900","3","3"
"MF","rs3911","1","1"
"MF","rs2032631","1","1"
"MF","rs2032673","4","4"
"MF","rs2032652","4","4"
"MF","rs13447443","1","1"
"MF","rs13447352","1","1"
"MF","rs17250535","4","4"
"MF","rs2033003","2","2"
"CS","rs1490413","1","3"
"CS","rs7520386","1","3"
"CS","rs4847034","1","1"
"CS","rs560681","1","3"
"CS","rs10495407","1","3"
"CS","rs891700","1","1"
"CS","rs1413212","2","4"
"CS","rs876724","2","2"
"CS","rs1109037","1","3"
"CS","rs993934","1","3"
"CS","rs12997453","1","3"
"CS","rs907100","2","3"
"CS","rs1357617","1","4"
"CS","rs4364205","3","3"
"CS","rs9866013","2","4"
"CS","rs2399332","3","4"
"CS","rs1872575","1","1"
"CS","rs1355366","4","4"
"CS","rs6444724","2","4"
"CS","rs2046361","4","4"
"CS","rs279844","1","1"
"CS","rs13134862","1","3"
"CS","rs1554472","1","3"
"CS","rs6811238","3","4"
"CS","rs1979255","2","3"
"CS","rs717302","3","3"
"CS","rs159606","3","3"
"CS","rs7704770","1","1"
"CS","rs315791","1","2"
"CS","rs251934","1","3"
"CS","rs338882","1","3"
"CS","rs1029047","1","4"
"CS","rs13218440","1","3"
"CS","rs2811231","1","2"
"CS","rs1336071","4","4"
"CS","rs1478829","1","1"
"CS","rs1358856","1","1"
"CS","rs2503107","1","2"
"CS","rs2272998","2","2"
"CS","rs214955","2","2"
"CS","rs727811","4","4"
"CS","rs6955448","2","2"
"CS","rs917118","2","2"
"CS","rs1019029","1","1"
"CS","rs321198","4","4"
"CS","rs737681","4","4"
"CS","rs10092491","2","2"
"CS","rs4288409","1","1"
"CS","rs2056277","2","2"
"CS","rs4606077","2","4"
"CS","rs1015250","2","2"
"CS","rs2270529","2","2"
"CS","rs7041158","2","2"
"CS","rs1463729","2","2"
"CS","rs1360288","2","4"
"CS","rs10776839","3","3"
"CS","rs826472","2","4"
"CS","rs735155","4","4"
"CS","rs3780962","3","3"
"CS","rs1410059","2","4"
"CS","rs740598","1","3"
"CS","rs964681","2","2"
"CS","rs10768550","2","4"
"CS","rs10500617","1","4"
"CS","rs1498553","2","4"
"CS","rs901398","4","4"
"CS","rs6591147","4","4"
"CS","rs10488710","2","3"
"CS","rs590162","2","4"
"CS","rs2076848","1","4"
"CS","rs2107612","1","3"
"CS","rs2269355","2","3"
"CS","rs2111980","2","2"
"CS","rs10773760","1","3"
"CS","rs1335873","1","4"
"CS","rs1886510","1","3"
"CS","rs9546538","4","4"
"CS","rs1058083","3","3"
"CS","rs354439","1","4"
"CS","rs1454361","1","4"
"CS","rs722290","2","2"
"CS","rs873196","2","2"
"CS","rs4530059","3","3"
"CS","rs2016276","4","4"
"CS","rs1821380","2","3"
"CS","rs8037429","4","4"
"CS","rs1528460","2","4"
"CS","rs729172","3","4"
"CS","rs2342747","3","3"
"CS","rs7205345","2","3"
"CS","rs430046","4","4"
"CS","rs1382387","1","1"
"CS","rs9905977","1","1"
"CS","rs740910","1","1"
"CS","rs4796362","3","3"
"CS","rs2175957","3","4"
"CS","rs8070085","1","3"
"CS","rs1004357","1","3"
"CS","rs1027895","1","1"
"CS","rs938283","4","4"
"CS","rs8078417","2","2"
"CS","rs2291395","1","3"
"CS","rs4789798","2","3"
"CS","rs689512","2","3"
"CS","rs3744163","2","3"
"CS","rs2292972","2","4"
"CS","rs1493232","1","2"
"CS","rs9951171","1","3"
"CS","rs7229946","1","3"
"CS","rs985492","3","3"
"CS","rs521861","2","2"
"CS","rs1736442","2","4"
"CS","rs1024116","2","2"
"CS","rs719366","1","3"
"CS","rs576261","1","2"
"CS","rs1031825","2","2"
"CS","rs445251","2","3"
"CS","rs12480506","1","3"
"CS","rs2567608","2","4"
"CS","rs1005533","1","3"
"CS","rs1523537","2","4"
"CS","rs722098","1","1"
"CS","rs464663","2","4"
"CS","rs2830795","1","1"
"CS","rs2831700","1","3"
"CS","rs2833736","1","3"
"CS","rs914165","3","3"
"CS","rs221956","2","2"
"CS","rs9606186","2","2"
"CS","rs2073383","2","4"
"CS","rs733164","3","3"
"CS","rs987640","1","4"
"CS","rs2040411","1","3"
"CS","rs1028528","1","3"
"CP","rs1490413","1","1"
"CP","rs7520386","1","3"
"CP","rs4847034","1","3"
"CP","rs560681","1","3"
"CP","rs10495407","3","3"
"CP","rs891700","1","3"
"CP","rs1413212","2","2"
"CP","rs876724","4","4"
"CP","rs1109037","1","1"
"CP","rs993934","1","3"
"CP","rs12997453","1","1"
"CP","rs907100","2","3"
"CP","rs1357617","4","4"
"CP","rs4364205","3","4"
"CP","rs9866013","4","4"
"CP","rs2399332","3","3"
"CP","rs1872575","3","3"
"CP","rs1355366","2","4"
"CP","rs6444724","4","4"
"CP","rs2046361","1","4"
"CP","rs279844","4","4"
"CP","rs13134862","1","1"
"CP","rs1554472","1","3"
"CP","rs6811238","3","3"
"CP","rs1979255","3","3"
"CP","rs717302","1","3"
"CP","rs159606","1","3"
"CP","rs7704770","3","3"
"CP","rs315791","1","2"
"CP","rs251934","1","1"
"CP","rs338882","1","1"
"CP","rs1029047","1","4"
"CP","rs13218440","1","3"
"CP","rs2811231","1","2"
"CP","rs1336071","2","4"
"CP","rs1478829","1","1"
"CP","rs1358856","1","1"
"CP","rs2503107","1","2"
"CP","rs2272998","2","2"
"CP","rs214955","2","4"
"CP","rs727811","3","4"
"CP","rs6955448","2","4"
"CP","rs917118","2","2"
"CP","rs1019029","1","1"
"CP","rs321198","2","4"
"CP","rs737681","2","4"
"CP","rs10092491","2","2"
"CP","rs4288409","1","2"
"CP","rs2056277","2","2"
"CP","rs4606077","2","4"
"CP","rs1015250","3","3"
"CP","rs2270529","4","4"
"CP","rs7041158","4","4"
"CP","rs1463729","4","4"
"CP","rs1360288","2","4"
"CP","rs10776839","3","4"
"CP","rs826472","2","4"
"CP","rs735155","4","4"
"CP","rs3780962","1","1"
"CP","rs1410059","4","4"
"CP","rs740598","1","1"
"CP","rs964681","4","4"
"CP","rs10768550","2","2"
"CP","rs10500617","4","4"
"CP","rs1498553","2","4"
"CP","rs901398","2","4"
"CP","rs6591147","2","2"
"CP","rs10488710","2","2"
"CP","rs590162","2","2"
"CP","rs2076848","1","1"
"CP","rs2107612","3","3"
"CP","rs2269355","2","2"
"CP","rs2111980","2","4"
"CP","rs10773760","1","3"
"CP","rs1335873","1","1"
"CP","rs1886510","3","3"
"CP","rs9546538","2","2"
"CP","rs1058083","1","3"
"CP","rs354439","1","4"
"CP","rs1454361","1","1"
"CP","rs722290","2","2"
"CP","rs873196","2","4"
"CP","rs4530059","3","3"
"CP","rs2016276","2","4"
"CP","rs1821380","2","3"
"CP","rs8037429","2","4"
"CP","rs1528460","2","4"
"CP","rs729172","3","3"
"CP","rs2342747","3","3"
"CP","rs7205345","3","3"
"CP","rs430046","2","2"
"CP","rs1382387","1","1"
"CP","rs9905977","3","3"
"CP","rs740910","1","3"
"CP","rs4796362","1","3"
"CP","rs2175957","3","4"
"CP","rs8070085","1","3"
"CP","rs1004357","1","1"
"CP","rs1027895","1","3"
"CP","rs938283","4","4"
"CP","rs8078417","2","4"
"CP","rs2291395","3","3"
"CP","rs4789798","3","3"
"CP","rs689512","2","3"
"CP","rs3744163","2","3"
"CP","rs2292972","2","4"
"CP","rs1493232","1","2"
"CP","rs9951171","3","3"
"CP","rs7229946","1","3"
"CP","rs985492","1","3"
"CP","rs521861","2","3"
"CP","rs1736442","2","2"
"CP","rs1024116","4","4"
"CP","rs719366","1","3"
"CP","rs1031825","1","2"
"CP","rs445251","2","3"
"CP","rs12480506","1","3"
"CP","rs2567608","2","2"
"CP","rs1005533","1","1"
"CP","rs1523537","4","4"
"CP","rs722098","1","1"
"CP","rs464663","2","4"
"CP","rs2830795","1","3"
"CP","rs2831700","1","1"
"CP","rs2833736","1","1"
"CP","rs914165","3","3"
"CP","rs221956","2","4"
"CP","rs9606186","2","3"
"CP","rs5746846","2","3"
"CP","rs2073383","2","4"
"CP","rs733164","1","3"
"CP","rs987640","4","4"
"CP","rs2040411","1","1"
"CP","rs1028528","1","3"
"CP","rs2534636","2","2"
"CP","rs9786608","2","2"
"CP","rs35284970","2","2"
"CP","rs9786184","1","1"
"CP","rs9786139","3","3"
"CP","rs16981290","2","2"
"CP","L298","4","4"
"CP","P256","3","3"
"CP","rs17306671","4","4"
"CP","rs4141886","1","1"
"CP","rs2032595","4","4"
"CP","rs2032597","1","1"
"CP","rs2032599","4","4"
"CP","rs20320","3","3"
"CP","rs2032602","4","4"
"CP","MSY2.2","3","3"
"CP","rs8179021","2","2"
"CP","rs2032624","2","2"
"CP","rs2032636","3","3"
"CP","rs9341278","3","3"
"CP","rs2032674","4","4"
"CP","rs2032658","3","3"
"CP","rs17269816","2","2"
"CP","rs3848982","2","2"
"CP","rs3900","3","3"
"CP","rs3911","1","1"
"CP","rs2032631","1","1"
"CP","rs2032673","4","4"
"CP","rs2032652","4","4"
"CP","rs13447443","1","1"
"CP","rs13447352","1","1"
"CP","rs17250535","4","4"
"CP","rs2033003","2","2"
