Sample Name;Marker;Allele 1;Allele 2;Allele 3;Allele 4;Allele 5;Allele 6;Height 1;Height 2;Height 3;Height 4;Height 5;Height 6
M10;1pA;ACGC;GCGG;ATGC;GCCG;;;3689;3586;1734;1549;;
M10;1pB;AGC;AAC;;;;;4282;1479;;;;
M10;1pC;TAG;TGG;TGT;GAG;;;2876;1315;659;106;;
M10;1pD;CCC;CCA;CTA;;;;2379;1947;772;;;
M10;1qA;AG;GA;GG;;;;1996;1972;1411;;;
M10;1qB;CGGC;TCGT;TCGC;;;;3045;1302;1098;;;
M10;1qC;TAA;GAC;TAC;AAC;;;588;563;194;192;;
M10;1qD;TAG;CAA;CAG;;;;5073;2586;1810;;;
M10;2pA;TCGA;AAGA;TAGA;TAAT;;;2989;1556;1343;1099;;
M10;2pB;GCC;GAA;;;;;6293;888;;;;
M10;2pC;GCGT;GCTT;ACGT;GCGG;;;6525;2209;1499;1447;;
M10;2qA;CCAG;CCAC;TTAC;;;;2146;2113;2052;;;
M10;2qB;AAA;ATA;;;;;3956;1474;;;;
M10;2qC;TGG;ACA;ACG;;;;1222;921;452;;;
M10;2qD;GCG;GGG;GCA;;;;5131;1159;1008;;;
M10;2qE;CGG;CAT;CAG;;;;2979;2093;822;;;
M10;3pA;CTAC;CTAT;CCGT;;;;4525;2788;1640;;;
M10;3pB;CGCGA;AACCG;;;;;4775;1488;;;;
M10;3qA;CACT;CACC;;;;;5207;4083;;;;
M10;3qB;ACA;GTA;GCC;;;;4557;1059;792;;;
M10;3qC;ACCGG;ACTGG;ACCAG;;;;2618;2429;658;;;
M10;4pA;GGCA;GGCG;CTCA;;;;3994;974;593;;;
M10;4pB;CGC;CAG;CAC;TGC;;;2206;2175;1807;1800;;
M10;4qA;CCG;CTT;GCG;;;;3959;3176;1120;;;
M10;4qB;CAA;TGA;CGG;CGA;;;2283;1927;1387;898;;
M10;4qC;GGGG;TAGG;TGAG;;;;4557;2468;1278;;;
M10;4qD;GGCC;GGTC;AACC;;;;3758;2052;2009;;;
M10;5pA;GCAC;ATAG;ACAG;ACTG;;;1597;1036;740;673;;
M10;5pB;CA;CC;AA;;;;6829;1215;1001;;;
M10;5qA;TCGT;TCTT;TTTT;TCTA;;;2435;1817;1287;1070;;
M10;5qB;TTGC;TTAC;CCAC;CCAT;;;2398;2351;963;894;;
M10;5qC;CAC;TGT;CGT;CGC;;;3085;1800;1664;1200;;
M10;6pA;CCT;CCA;CTT;;;;5185;4218;1335;;;
M10;6qA;GCC;GCT;CCT;;;;2671;2598;1646;;;
M10;6qB;GCGG;GCAC;ACGG;GCTG;;;4749;1562;1131;244;;
M10;6qC;ATC;CTC;;;;;1846;1759;;;;
M10;6qD;TCTT;TCCT;;;;;3461;2796;;;;
M10;7pA;AGTC;TATC;AATA;;;;4437;1933;1405;;;
M10;7pB;AAGC;TAGC;TAGT;AGGC;;;4493;1679;946;890;;
M10;7pC;TCCGC;CCTAC;CTCGT;;;;479;422;275;;;
M10;7qA;CAC;CGC;CAT;;;;6860;2941;1506;;;
M10;7qB;CAA;CCA;TCA;;;;2314;2299;1851;;;
M10;7qC;AGTGC;TACGC;;;;;4604;2426;;;;
M10;8pA;GGTA;AGTG;AGTA;GGGG;;;1853;1482;1221;365;;
M10;8pB;CATCA;CTCTG;;;;;5887;3457;;;;
M10;8qA;AAT;AGT;AAC;;;;4996;1878;1397;;;
M10;8qB;GTC;GTT;GCT;ATT;;;2430;2187;1233;771;;
M10;8qC;CCGC;CAGC;;;;;7523;1066;;;;
M10;9pA;ATCAA;GTCAC;GTCGC;ATTGC;;;2195;1526;1432;697;;
M10;9pB;TCGT;;;;;;7722;;;;;
M10;9qA;TCC;TGC;GGG;GGC;ACC;;4222;2584;2090;1004;222;
M10;9qB;CATT;TGCT;CGTT;TGCC;;;1408;1305;1245;791;;
M10;9qC;ATCGC;GCTGA;ACCGC;;;;3920;1326;1050;;;
M10;10pA;TGG;TGA;TAG;;;;3181;565;557;;;
M10;10pB;TGA;TGG;;;;;2775;1607;;;;
M10;10qA;AAG;CGG;AGG;;;;4009;1696;829;;;
M10;10qB;GTA;AGA;;;;;8175;1499;;;;
M10;11pA;GCG;ATG;GTA;;;;2262;1243;637;;;
M10;11pB;CATG;TGCG;CGCG;;;;4559;3233;1517;;;
M10;11qA;CC;TC;GC;;;;4513;3061;2521;;;
M10;11qB;GTGC;ATAC;ATGT;;;;6341;1803;1377;;;
M10;11qC;AAC;AAT;;;;;2642;2453;;;;
M10;12pA;ACGA;TTGA;ATGA;;;;1659;1449;376;;;
M10;12pB;TGT;GGT;TAT;;;;8717;1816;1733;;;
M10;12qB;AAAT;GCAC;AAAC;;;;3524;1874;1100;;;
M10;12qC;GCGC;ATAT;ACAT;;;;2230;551;364;;;
M10;13qA;ACAG;ATAA;GTAA;ATGG;;;2894;1363;1236;1028;;
M10;13qB;GGCG;ATCG;ATCA;ATAG;;;3226;2648;1255;1068;;
M10;13qC;CCTC;TGTG;TGGC;CGTC;;;2860;2560;1054;935;;
M10;13qD;GGGT;AAAT;AGGT;AAGT;;;1874;1158;719;600;;
M10;14qA;GCG;TCC;GTG;TCG;;;899;420;391;278;;
M10;14qB;ATC;CCC;ACC;;;;3576;3197;1315;;;
M10;14qC;TGG;CAG;TAG;;;;3167;2647;1651;;;
M10;14qD;GTG;TAT;GAT;;;;5189;3106;2603;;;
M10;15qA;GTAA;ACAA;ATAA;ATCA;;;6247;1765;1764;1511;;
M10;15qB;TGG;GAA;GGA;GGG;;;2805;2294;2282;1111;;
M10;15qC;GCT;ATT;;;;;2989;1777;;;;
M10;15qD;CTGG;CCGG;CTGA;;;;4007;3532;894;;;
M10;16pA;CGTA;CATG;;;;;6114;3567;;;;
M10;16pB;GT;AC;GC;;;;71;50;45;;;
M10;16qA;TGT;TGC;;;;;6563;846;;;;
M10;16qB;GGA;AAT;GAT;;;;3206;2993;1443;;;
M10;17pA;TCC;TCA;;;;;4604;1912;;;;
M10;17qA;ACCT;GATT;GCCC;;;;3202;3015;1001;;;
M10;17qB;AGT;GGC;AGC;;;;4039;2375;1989;;;
M10;18pA;TCGTG;CAATG;;;;;6077;2765;;;;
M10;18qA;GCG;GAA;GAG;;;;4284;1201;830;;;
M10;18qB;GGC;GAT;;;;;4230;3190;;;;
M10;18qC;TAGG;GAAG;TGAG;TGAT;;;465;341;162;155;;
M10;19pA;CGA;TCG;CGG;;;;5246;3529;1890;;;
M10;19pB;AACTG;GGTTG;AGTCT;;;;3944;2142;1761;;;
M10;19qA;TCGC;CCAC;;;;;3067;1574;;;;
M10;20pA;TGCC;TATT;CACC;;;;3934;2992;1121;;;
M10;20pB;AGG;TCA;;;;;6368;3054;;;;
M10;20qA;GGC;TAC;GAA;;;;2628;2000;1379;;;
M10;20qB;CAAC;CCAT;CCGT;TCGC;;;4753;1297;1271;1162;;
M10;21qA;CAGG;GTGG;GAGA;;;;4991;1624;895;;;
M10;21qB;TAC;TAT;;;;;6067;883;;;;
M10;22qA;ACTA;ACTG;ATGG;TCGG;;;4172;2424;2172;1321;;
M10;22qB;AATAT;GGCGT;;;;;5845;2069;;;;
M11;1pA;GCGG;ATGC;ACGC;GCCG;;;3309;1733;1669;269;;
M11;1pB;AGC;AAC;;;;;3367;1255;;;;
M11;1pC;TAG;TGG;TGT;;;;2992;1330;239;;;
M11;1pD;CCA;CCC;CTA;;;;2411;1492;1461;;;
M11;1qA;GA;AG;GG;;;;2025;1704;357;;;
M11;1qB;CGGC;TCGC;TCGT;;;;3291;807;441;;;
M11;1qC;GAC;TAA;AAC;TAC;;;770;642;64;59;;
M11;1qD;TAG;CAA;CAG;;;;5256;1998;1447;;;
M11;2pA;TCGA;TAAT;TAGA;AAGA;;;1980;1344;1309;1080;;
M11;2pB;GCC;GAA;;;;;5090;1548;;;;
M11;2pC;GCGT;GCGG;GCTT;ACGT;;;4031;2033;1971;527;;
M11;2qA;CCAC;CCAG;TTAC;;;;2067;1896;397;;;
M11;2qB;AAA;ATA;;;;;3341;982;;;;
M11;2qC;ACA;TGG;ACG;;;;977;574;377;;;
M11;2qD;GCG;GCA;GGG;;;;3427;1650;1450;;;
M11;2qE;CGG;CAG;CAT;;;;2126;993;810;;;
M11;3pA;CTAC;CCGT;CTAT;;;;3356;1772;1611;;;
M11;3pB;CGCGA;AACCG;;;;;4989;1439;;;;
M11;3qA;CACT;CACC;;;;;4435;2792;;;;
M11;3qB;ACA;GCC;GTA;;;;3212;1605;1494;;;
M11;3qC;ACCGG;ACTGG;ACCAG;;;;3126;2539;197;;;
M11;4pA;GGCA;CTCA;GGCG;;;;3529;869;231;;;
M11;4pB;CAG;CGC;TGC;CAC;;;2157;1973;1882;1721;;
M11;4qA;CCG;CTT;GCG;;;;3681;2361;346;;;
M11;4qB;TGA;CGA;CAA;CGG;;;2015;1759;1628;1250;;
M11;4qC;GGGG;TAGG;TGAG;;;;3188;2197;1861;;;
M11;4qD;GGCC;GGTC;AACC;;;;2730;2130;1315;;;
M11;5pA;GCAC;ATAG;ACAG;ACTG;;;1519;898;546;121;;
M11;5pB;CA;CC;AA;;;;6229;1976;438;;;
M11;5qA;TCGT;TCTT;TTTT;TCTA;;;2964;1783;1413;261;;
M11;5qB;TTGC;CCAT;CCAC;TTAC;;;1909;1781;1758;1693;;
M11;5qC;CAC;CGT;TGT;CGC;;;3088;1503;1496;362;;
M11;6pA;CCA;CCT;CTT;;;;4755;4390;396;;;
M11;6qA;GCC;GCT;CCT;;;;3065;2040;1616;;;
M11;6qB;GCGG;GCAC;ACGG;;;;3346;1661;1530;;;
M11;6qC;ATC;CTC;;;;;1798;1609;;;;
M11;6qD;TCTT;TCCT;;;;;3223;3002;;;;
M11;7pA;AGTC;AATA;TATC;;;;4276;1786;1382;;;
M11;7pB;AAGC;TAGC;AGGC;TAGT;;;4956;1473;374;211;;
M11;7pC;TCCGC;CCTAC;CTCGT;;;;684;593;92;;;
M11;7qA;CAC;CGC;CAT;;;;3559;3390;309;;;
M11;7qB;CCA;TCA;CAA;;;;2369;1580;1448;;;
M11;7qC;AGTGC;TACGC;;;;;3989;1430;;;;
M11;8pA;AGTG;GGTA;AGTA;GGGG;;;2358;1371;1186;159;;
M11;8pB;CATCA;CTCTG;;;;;4472;3453;;;;
M11;8qA;AAT;AAC;AGT;;;;3626;1987;1503;;;
M11;8qB;GTT;GTC;GCT;ATT;;;2057;1226;1151;212;;
M11;8qC;CCGC;CAGC;;;;;7526;317;;;;
M11;9pA;GTCAC;ATCAA;GTCGC;ATTGC;;;1696;1367;1226;175;;
M11;9pB;TCGT;;;;;;5958;;;;;
M11;9qA;TCC;GGG;TGC;GGC;;;3729;2087;1817;256;;
M11;9qB;TGCT;CATT;CGTT;TGCC;;;1456;1243;1004;863;;
M11;9qC;ATCGC;ACCGC;GCTGA;;;;2307;1117;985;;;
M11;10pA;TGG;TGA;TAG;;;;2948;831;185;;;
M11;10pB;TGA;TGG;;;;;2743;1102;;;;
M11;10qA;AAG;CGG;AGG;;;;3681;1224;242;;;
M11;10qB;GTA;AGA;;;;;6489;467;;;;
M11;11pA;GCG;ATG;GTA;;;;1780;1150;836;;;
M11;11pB;CATG;TGCG;CGCG;;;;4817;2877;345;;;
M11;11qA;TC;CC;GC;;;;3646;2197;1717;;;
M11;11qB;GTGC;ATAC;ATGT;;;;6130;1191;395;;;
M11;11qC;AAT;AAC;;;;;2680;2543;;;;
M11;12pA;TTGA;ACGA;ATGA;;;;1133;1096;519;;;
M11;12pB;TGT;GGT;TAT;;;;8467;2777;692;;;
M11;12qB;AAAT;AAAC;GCAC;;;;4157;2213;502;;;
M11;12qC;GCGC;ATAT;ACAT;;;;1377;592;414;;;
M11;13qA;ACAG;ATAA;GTAA;ATGG;;;3745;1498;1096;280;;
M11;13qB;GGCG;ATCG;ATCA;ATAG;;;1786;1528;1448;1022;;
M11;13qC;CCTC;TGGC;TGTG;CGTC;;;2999;1917;1651;198;;
M11;13qD;GGGT;AAGT;AAAT;AGGT;;;1960;1110;1098;194;;
M11;14qA;GCG;TCC;GTG;TCG;;;868;459;419;58;;
M11;14qB;CCC;ACC;ATC;;;;3390;1995;1904;;;
M11;14qC;CAG;TGG;TAG;;;;2996;1843;894;;;
M11;14qD;GTG;GAT;TAT;;;;4620;2632;2324;;;
M11;15qA;GTAA;ATCA;ATAA;ACAA;;;4351;2082;2053;423;;
M11;15qB;GGA;TGG;GAA;GGG;;;3192;2063;1918;254;;
M11;15qC;ATT;GCT;;;;;2275;2162;;;;
M11;15qD;CCGG;CTGG;CTGA;;;;3909;3496;472;;;
M11;16pA;CGTA;CATG;;;;;4933;3810;;;;
M11;16pB;GT;AC;GC;;;;73;53;31;;;
M11;16qA;TGT;TGC;;;;;6778;225;;;;
M11;16qB;AAT;GGA;GAT;;;;2664;2160;1272;;;
M11;17pA;TCC;TCA;;;;;4269;1614;;;;
M11;17qA;GATT;ACCT;GCCC;;;;3302;3140;222;;;
M11;17qB;AGT;GGC;AGC;;;;3868;2373;1776;;;
M11;18pA;TCGTG;CAATG;;;;;5617;1581;;;;
M11;18qA;GCG;GAG;GAA;;;;3574;1383;1106;;;
M11;18qB;GGC;GAT;;;;;3663;2660;;;;
M11;18qC;TAGG;TGAT;TGAG;GAAG;;;344;258;218;206;;
M11;19pA;CGA;TCG;CGG;;;;5216;3990;247;;;
M11;19pB;AACTG;AGTCT;GGTTG;;;;3865;1842;1408;;;
M11;19qA;TCGC;CCAC;;;;;1247;816;;;;
M11;20pA;TGCC;TATT;CACC;;;;3422;3272;285;;;
M11;20pB;AGG;TCA;;;;;7114;2300;;;;
M11;20qA;TAC;GGC;GAA;;;;3047;1823;1266;;;
M11;20qB;CAAC;CCAT;TCGC;CCGT;;;4803;1755;384;324;;
M11;21qA;CAGG;GTGG;GAGA;;;;4328;1481;259;;;
M11;21qB;TAC;TAT;;;;;6032;246;;;;
M11;22qA;ACTA;ACTG;ATGG;TCGG;;;3887;1601;1351;278;;
M11;22qB;AATAT;GGCGT;;;;;5429;1704;;;;
M12;1pA;GCGG;ATGC;ACGC;GCCG;;;1568;1235;636;104;;
M12;1pB;AGC;AAC;;;;;1237;710;;;;
M12;1pC;TAG;TGG;TGT;;;;1155;505;187;;;
M12;1pD;CTA;CCA;CCC;;;;368;353;261;;;
M12;1qA;AG;GA;GG;;;;921;741;149;;;
M12;1qB;CGGC;TCGC;TCGT;;;;1964;398;167;;;
M12;1qC;GAC;TAA;TAC;AAC;;;464;376;48;29;;
M12;1qD;TAG;CAA;CAG;;;;3946;750;608;;;
M12;2pA;TCGA;TAAT;TAGA;AAGA;;;603;483;300;291;;
M12;2pB;GCC;GAA;;;;;2411;864;;;;
M12;2pC;GCGT;GCGG;GCTT;ACGT;;;1795;634;521;115;;
M12;2qA;CCAG;CCAC;TTAC;;;;1511;1233;154;;;
M12;2qB;AAA;ATA;;;;;278;48;;;;
M12;2qC;ACA;TGG;ACG;;;;248;155;107;;;
M12;2qD;GGG;GCG;GCA;;;;1953;1866;883;;;
M12;2qE;CGG;CAG;CAT;;;;1284;772;614;;;
M12;3pA;CTAC;CCGT;CTAT;;;;1950;1190;1080;;;
M12;3pB;CGCGA;AACCG;;;;;1445;245;;;;
M12;3qA;CACT;CACC;;;;;3181;1645;;;;
M12;3qB;ACA;GCC;GTA;;;;147;137;73;;;
M12;3qC;ACCGG;ACTGG;ACCAG;;;;2927;2027;122;;;
M12;4pA;GGCA;CTCA;GGCG;;;;1613;700;150;;;
M12;4pB;CAG;CAC;CGC;TGC;;;1945;1223;1151;436;;
M12;4qA;CCG;CTT;GCG;;;;684;573;50;;;
M12;4qB;TGA;CGA;CAA;CGG;;;1811;1283;1187;862;;
M12;4qC;TGAG;GGGG;TAGG;;;;416;366;306;;;
M12;4qD;GGTC;GGCC;AACC;;;;1283;1248;664;;;
M12;5pA;GCAC;ATAG;ACAG;ACTG;;;626;587;193;42;;
M12;5pB;CA;CC;AA;;;;1963;874;100;;;
M12;5qA;TCTT;TCGT;TTTT;;;;1182;1035;559;;;
M12;5qB;CCAC;CCAT;TTAC;TTGC;;;1728;1584;1484;1374;;
M12;5qC;CAC;CGT;TGT;CAG;CGC;;41;15;10;8;5;
M12;6pA;CCT;CCA;CTT;;;;2667;2638;151;;;
M12;6qA;GCC;GCT;CCT;;;;1910;707;286;;;
M12;6qB;GCGG;ACGG;GCAC;GCTG;;;1661;1010;387;126;;
M12;6qC;ATC;CTC;;;;;954;905;;;;
M12;6qD;TCTT;TCCT;;;;;1879;1795;;;;
M12;7pA;AGTC;TATC;AATA;;;;3029;774;604;;;
M12;7pB;AAGC;TAGC;AGGC;TAGT;;;4244;902;327;223;;
M12;7pC;CCTAC;TCCGC;CTCGT;;;;710;500;80;;;
M12;7qA;CAC;CGC;TGC;;;;1646;1004;88;;;
M12;7qB;CCA;TCA;CAA;TAA;;;193;171;145;77;;
M12;7qC;AGTGC;TACGC;;;;;5147;1140;;;;
M12;8pA;AGTG;AGTA;GGTA;GGGG;;;778;268;253;35;;
M12;8pB;CTCTG;CATCA;;;;;3095;2242;;;;
M12;8qA;AAT;AAC;AGT;;;;362;159;63;;;
M12;8qB;GTT;GCT;GTC;ATT;;;1581;996;732;117;;
M12;8qC;CCGC;CAGC;;;;;4529;96;;;;
M12;9pA;GTCAC;ATCAA;GTCGC;ATTGC;;;1736;1130;867;118;;
M12;9pB;TCGT;TCAT;;;;;2672;533;;;;
M12;9qA;TCC;TGC;GGG;GGC;;;2085;1481;1343;129;;
M12;9qB;CGTT;TGCT;CATT;TGCC;;;204;148;106;30;;
M12;9qC;ATCGC;GCTGA;ACCGC;;;;372;330;157;;;
M12;10pA;TGG;TGA;TAG;;;;597;266;34;;;
M12;10pB;TGA;TGG;;;;;921;257;;;;
M12;10qA;AAG;CGG;AGG;;;;3125;792;188;;;
M12;10qB;GTA;AGA;;;;;1165;71;;;;
M12;11pA;GCG;ATG;GTA;;;;861;580;402;;;
M12;11pB;CATG;TGCG;CGCG;;;;1453;1008;113;;;
M12;11qA;TC;CC;GC;;;;2195;1486;956;;;
M12;11qB;GTGC;ATAC;ATGT;;;;3270;809;235;;;
M12;11qC;AAT;AAC;;;;;2193;1982;;;;
M12;12pA;TTGA;ACGA;ATGA;;;;303;175;137;;;
M12;12pB;TGT;GGT;TAT;;;;3580;2064;189;;;
M12;12qB;AAAT;AAAC;GCAC;;;;525;385;89;;;
M12;12qC;ATAT;ACAT;GCGC;;;;714;442;47;;;
M12;13qA;ACAG;ATGG;ATAA;GTAA;;;2576;249;240;157;;
M12;13qB;GGCG;TGCG;ATCA;ATAG;ATCG;;358;136;105;81;55;
M12;13qC;CCTC;TGGC;TGTG;TCTC;ACTC;CGTC;605;459;316;131;87;48
M12;13qD;AAAT;GGGT;AAGT;AGGT;GTGT;;292;261;222;28;24;
M12;14qA;GCG;TCC;GTG;TCG;;;668;411;233;59;;
M12;14qB;CCC;ACC;ATC;;;;515;257;197;;;
M12;14qC;CAG;TGG;TAG;;;;360;315;165;;;
M12;14qD;GTG;GAT;TAT;;;;3948;2611;1600;;;
M12;15qA;ATCA;GTAA;ATAA;ACAA;;;1011;922;610;76;;
M12;15qB;GGA;GAA;TGG;GGG;;;2862;1347;1179;154;;
M12;15qC;GCT;ATT;;;;;1698;987;;;;
M12;15qD;CCGG;CTGG;CTGA;;;;2646;1994;183;;;
M12;16pA;CGTA;CATG;;;;;2768;2232;;;;
M12;16pB;AC;GT;GC;;;;43;36;19;;;
M12;16qA;TGT;TGC;;;;;2179;71;;;;
M12;16qB;AAT;GGA;GAT;;;;87;43;33;;;
M12;17pA;TCC;TCA;;;;;2515;1090;;;;
M12;17qA;ACCT;GATT;GCCC;;;;2782;2264;175;;;
M12;17qB;AGT;GGC;AGC;;;;1630;1158;713;;;
M12;18pA;TCGTG;CAATG;;;;;692;367;;;;
M12;18qA;GCG;GAG;GAA;;;;1288;739;672;;;
M12;18qB;GGC;GAT;;;;;112;28;;;;
M12;18qC;TGAG;TGAT;GAAG;TAGG;;;60;54;50;11;;
M12;19pA;TCG;CGA;CGG;;;;3285;2725;225;;;
M12;19pB;AACTG;GGTTG;AGTCT;;;;255;84;61;;;
M12;19qA;TCGC;CCAC;;;;;790;145;;;;
M12;20pA;TGCC;TATT;;;;;1261;1180;;;;
M12;20pB;AGG;TCA;;;;;4200;1148;;;;
M12;20qA;TAC;GGC;GAA;;;;1668;1331;739;;;
M12;20qB;CAAC;CCAT;CCGT;TCGC;;;2398;1841;233;169;;
M12;21qA;CAGG;GTGG;GAGA;;;;2763;631;154;;;
M12;21qB;TAC;;;;;;3965;;;;;
M12;22qA;ACTA;ACTG;ATGG;TCGG;;;2678;921;914;141;;
M12;22qB;AATAT;GGCGT;;;;;5243;535;;;;
M13;1pA;GCGG;ACGC;ATGC;GCCG;;;4311;2836;2107;199;;
M13;1pB;AGC;AAC;;;;;5118;1379;;;;
M13;1pC;TAG;TGG;;;;;3457;1241;;;;
M13;1pD;CCA;CCC;CTA;;;;2938;1631;1389;;;
M13;1qA;AG;GA;GG;;;;3038;2581;364;;;
M13;1qB;CGGC;TCGC;TCGT;;;;4576;1291;199;;;
M13;1qC;GAC;TAA;TAC;AAC;;;795;794;59;41;;
M13;1qD;TAG;CAG;CAA;;;;6404;2536;2457;;;
M13;2pA;TCGA;AAGA;TAGA;TAAT;;;2555;2264;2174;2028;;
M13;2pB;GCC;GAA;;;;;6181;2043;;;;
M13;2pC;GCGT;GCTT;GCGG;ACGT;;;5019;2279;1775;212;;
M13;2qA;CCAG;CCAC;TTAC;;;;2811;2595;290;;;
M13;2qB;AAA;ATA;;;;;3330;1088;;;;
M13;2qC;ACA;TGG;ACG;;;;1425;968;515;;;
M13;2qD;GCG;GGG;GCA;;;;4977;1847;1789;;;
M13;2qE;CGG;CAG;CAT;;;;2804;1450;1427;;;
M13;3pA;CTAC;CTAT;CCGT;;;;4973;2679;1949;;;
M13;3pB;CGCGA;AACCG;;;;;4303;1610;;;;
M13;3qA;CACT;CACC;;;;;4938;4734;;;;
M13;3qB;ACA;GTA;GCC;;;;4077;1568;1446;;;
M13;3qC;ACTGG;ACCGG;;;;;3545;3346;;;;
M13;4pA;GGCA;CTCA;GGCG;;;;4498;1123;135;;;
M13;4pB;CAC;CAG;TGC;CGC;;;2497;2336;2211;1864;;
M13;4qA;CTT;CCG;GCG;;;;4606;4202;211;;;
M13;4qB;CAA;CGA;TGA;CGG;;;1978;1785;1781;1657;;
M13;4qC;GGGG;TAGG;TGAG;;;;4849;2260;2181;;;
M13;4qD;GGCC;AACC;GGTC;;;;4856;3071;2170;;;
M13;5pA;GCAC;ACAG;ATAG;ACTG;;;2044;957;925;88;;
M13;5pB;CA;CC;AA;;;;7818;2111;270;;;
M13;5qA;TCGT;TCTT;TTTT;TCTA;;;3962;2250;1907;239;;
M13;5qB;TTAC;TTGC;CCAC;CCAT;;;2480;2241;1887;1883;;
M13;5qC;CAC;CGT;TGT;CGC;;;3444;1800;1665;219;;
M13;6pA;CCT;CCA;;;;;5126;4868;;;;
M13;6qA;GCC;GCT;CCT;;;;3243;2039;1871;;;
M13;6qB;GCGG;GCAC;ACGG;;;;4223;2346;1488;;;
M13;6qC;ATC;CTC;;;;;2623;2374;;;;
M13;6qD;TCCT;TCTT;;;;;4358;3941;;;;
M13;7pA;AGTC;TATC;AATA;;;;4907;2441;2040;;;
M13;7pB;AAGC;TAGC;TAGT;AGGC;;;5898;2322;264;207;;
M13;7pC;CCTAC;TCCGC;CTCGT;;;;861;818;74;;;
M13;7qA;CAC;CGC;CAT;;;;5778;4580;291;;;
M13;7qB;CCA;TCA;CAA;;;;3041;1838;1786;;;
M13;7qC;AGTGC;TACGC;;;;;5323;2414;;;;
M13;8pA;AGTG;GGTA;AGTA;;;;2564;1556;1337;;;
M13;8pB;CATCA;CTCTG;;;;;5623;5437;;;;
M13;8qA;AAT;AAC;AGT;;;;5280;2430;2194;;;
M13;8qB;GTT;GTC;GCT;ATT;;;3183;1854;1411;174;;
M13;8qC;CCGC;;;;;;9589;;;;;
M13;9pA;ATCAA;GTCAC;GTCGC;;;;1960;1877;1688;;;
M13;9pB;TCGT;;;;;;8657;;;;;
M13;9qA;TCC;TGC;GGG;ACC;;;4690;2265;2041;222;;
M13;9qB;CGTT;TGCC;TGCT;CATT;;;1188;1186;1086;1062;;
M13;9qC;ATCGC;GCTGA;ACCGC;;;;3683;1320;1166;;;
M13;10pA;TGG;TGA;TAG;;;;3402;921;121;;;
M13;10pB;TGA;TGG;;;;;2854;1421;;;;
M13;10qA;AAG;CGG;AGG;;;;5017;2018;162;;;
M13;10qB;GTA;;;;;;6863;;;;;
M13;11pA;GCG;ATG;GTA;;;;2803;1317;1227;;;
M13;11pB;CATG;TGCG;CGCG;;;;6107;3011;207;;;
M13;11qA;TC;CC;GC;;;;3805;2608;2283;;;
M13;11qB;GTGC;ATAC;ATGT;;;;7773;2565;288;;;
M13;11qC;AAT;AAC;;;;;3102;2899;;;;
M13;12pA;TTGA;ACGA;ATGA;;;;1807;927;573;;;
M13;12pB;TGT;GGT;TAT;;;;9002;2964;261;;;
M13;12qB;AAAT;AAAC;GCAC;;;;5946;2387;378;;;
M13;12qC;GCGC;ATAT;ACAT;;;;1733;704;480;;;
M13;13qA;ACAG;ATAA;GTAA;ATGG;;;4512;1539;1373;228;;
M13;13qB;GGCG;ATCG;ATCA;ATAG;;;3337;1898;1704;1638;;
M13;13qC;CCTC;TGTG;TGGC;CGTC;;;4497;2584;1858;268;;
M13;13qD;GGGT;AAAT;AAGT;AGGT;;;2374;1199;1116;175;;
M13;14qA;GCG;GTG;TCC;TCG;;;1106;574;520;68;;
M13;14qB;CCC;ATC;ACC;;;;4635;2610;2386;;;
M13;14qC;CAG;TGG;TAG;;;;3504;1892;1776;;;
M13;14qD;GTG;TAT;GAT;;;;6149;3241;2881;;;
M13;15qA;GTAA;ATCA;ATAA;ACAA;;;5671;2982;2504;430;;
M13;15qB;GGA;TGG;GAA;GGG;;;3391;2430;2292;246;;
M13;15qC;GCT;ATT;;;;;2338;1995;;;;
M13;15qD;CTGG;CCGG;;;;;5314;5044;;;;
M13;16pA;CGTA;CATG;;;;;5382;4982;;;;
M13;16pB;GT;AC;GC;;;;96;52;44;;;
M13;16qA;TGT;;;;;;6933;;;;;
M13;16qB;AAT;GAT;GGA;;;;3921;2390;2099;;;
M13;17pA;TCC;TCA;;;;;6248;2031;;;;
M13;17qA;GATT;ACCT;;;;;4091;3488;;;;
M13;17qB;AGT;GGC;AGC;;;;4614;2477;2086;;;
M13;18pA;TCGTG;CAATG;;;;;7361;2172;;;;
M13;18qA;GCG;GAA;GAG;;;;3695;1707;1303;;;
M13;18qB;GGC;GAT;;;;;3859;3591;;;;
M13;18qC;GAAG;TAGG;TGAT;TGAG;;;354;351;331;276;;
M13;19pA;TCG;CGA;;;;;5943;5446;;;;
M13;19pB;AACTG;GGTTG;AGTCT;;;;4343;2175;2092;;;
M13;19qA;TCGC;CCAC;;;;;1561;998;;;;
M13;20pA;TGCC;TATT;;;;;4304;3710;;;;
M13;20pB;AGG;TCA;;;;;7983;3188;;;;
M13;20qA;TAC;GAA;GGC;;;;3097;1852;1786;;;
M13;20qB;CAAC;CCAT;CCGT;;;;7163;2093;292;;;
M13;21qA;CAGG;GTGG;GAGA;;;;5972;1988;206;;;
M13;21qB;TAC;TAT;;;;;8942;261;;;;
M13;22qA;ACTA;ACTG;ATGG;TCGG;;;4453;2970;1981;211;;
M13;22qB;AATAT;GGCGT;;;;;5935;1797;;;;
M14;1pA;GCGG;ATGC;ACGC;;;;4090;3006;753;;;
M14;1pB;AGC;AAC;;;;;2826;1622;;;;
M14;1pC;TAG;TGG;;;;;2629;1835;;;;
M14;1pD;CCA;CTA;CCC;;;;2282;2116;709;;;
M14;1qA;GA;AG;GG;;;;2501;2163;279;;;
M14;1qB;CGGC;TCGC;TCGT;;;;3919;545;220;;;
M14;1qC;GAC;TAA;AAC;TAC;;;1052;735;78;44;;
M14;1qD;TAG;CAA;CAG;;;;9593;924;707;;;
M14;2pA;TCGA;TAAT;AAGA;TAGA;;;2663;2223;912;662;;
M14;2pB;GCC;GAA;;;;;4931;2439;;;;
M14;2pC;GCGT;GCGG;GCTT;ACGT;;;4585;3385;1030;263;;
M14;2qA;CCAG;CCAC;TTAC;;;;2966;2754;374;;;
M14;2qB;AAA;ATA;;;;;5008;504;;;;
M14;2qC;ACA;ACG;TGG;;;;1088;537;448;;;
M14;2qD;GGG;GCA;GCG;;;;2432;2417;1961;;;
M14;2qE;CGG;CAG;CAT;;;;2481;1724;581;;;
M14;3pA;CTAC;CCGT;CTAT;;;;3437;2884;1379;;;
M14;3pB;CGCGA;AACCG;;;;;5235;652;;;;
M14;3qA;CACT;CACC;;;;;7678;1864;;;;
M14;3qB;GTA;GCC;ACA;;;;2749;2275;2124;;;
M14;3qC;ACCGG;ACTGG;ACCAG;;;;5024;1104;165;;;
M14;4pA;GGCA;CTCA;GGCG;;;;2923;1779;167;;;
M14;4pB;CGC;CAG;TGC;CAC;;;3841;3601;1273;828;;
M14;4qA;CCG;CTT;GCG;;;;5391;1357;166;;;
M14;4qB;TGA;CGA;CGG;CAA;;;3179;2959;990;975;;
M14;4qC;TAGG;TGAG;GGGG;;;;4239;3437;1906;;;
M14;4qD;GGCC;GGTC;AACC;;;;3665;2503;700;;;
M14;5pA;GCAC;ATAG;ACAG;;;;1891;1207;428;;;
M14;5pB;CA;CC;AA;;;;6805;3531;258;;;
M14;5qA;TCGT;TCTT;TTTT;TCTA;;;3779;3422;657;179;;
M14;5qB;CCAC;CCAT;TTAC;TTGC;;;3217;2650;1332;1201;;
M14;5qC;CAC;CGT;TGT;;;;5745;838;831;;;
M14;6pA;CCT;CCA;CTT;;;;6805;5282;329;;;
M14;6qA;GCC;GCT;CCT;;;;4711;3885;1117;;;
M14;6qB;GCGG;ACGG;GCAC;GCTG;;;3100;2243;602;182;;
M14;6qC;CTC;ATC;;;;;1999;1962;;;;
M14;6qD;TCCT;TCTT;;;;;2946;2801;;;;
M14;7pA;AGTC;AATA;TATC;;;;6500;878;804;;;
M14;7pB;AAGC;TAGC;AGGC;;;;8762;1070;231;;;
M14;7pC;CCTAC;TCCGC;CTCGT;;;;699;668;65;;;
M14;7qA;CGC;CAC;;;;;7234;2625;;;;
M14;7qB;CCA;TCA;CAA;;;;2732;2378;675;;;
M14;7qC;AGTGC;TACGC;;;;;7219;825;;;;
M14;8pA;AGTG;AGTA;GGTA;;;;4505;708;678;;;
M14;8pB;CATCA;CTCTG;;;;;5777;4137;;;;
M14;8qA;AAT;AAC;AGT;;;;4520;2538;848;;;
M14;8qB;GTT;GCT;GTC;ATT;;;5253;3997;1555;273;;
M14;8qC;CCGC;CAGC;;;;;7218;223;;;;
M14;9pA;GTCAC;ATCAA;GTCGC;ATTGC;;;4107;1007;787;150;;
M14;9pB;TCGT;;;;;;7515;;;;;
M14;9qA;GGG;TGC;TCC;GGC;;;5465;4274;1821;382;;
M14;9qB;CATT;TGCT;CGTT;TGCC;;;1691;1399;507;492;;
M14;9qC;ACCGC;ATCGC;GCTGA;;;;2767;2297;2079;;;
M14;10pA;TGG;TGA;TAG;;;;2201;1106;78;;;
M14;10pB;TGA;TGG;;;;;3354;494;;;;
M14;10qA;AAG;CGG;AGG;;;;6492;927;227;;;
M14;10qB;GTA;;;;;;9176;;;;;
M14;11pA;GTA;ATG;GCG;;;;1843;1687;1175;;;
M14;11pB;CATG;TGCG;;;;;5442;5031;;;;
M14;11qA;TC;CC;GC;;;;6712;1483;1123;;;
M14;11qB;GTGC;ATAC;ATGT;;;;7415;681;313;;;
M14;11qC;AAC;AAT;;;;;2026;1935;;;;
M14;12pA;ACGA;ATGA;TTGA;;;;1332;963;665;;;
M14;12pB;TGT;GGT;;;;;10102;5441;;;;
M14;12qB;AAAT;AAAC;GCAC;;;;3979;2562;268;;;
M14;12qC;ATAT;ACAT;GCGC;;;;1605;934;896;;;
M14;13qA;ACAG;ATAA;GTAA;ATGG;;;4126;2154;736;276;;
M14;13qB;ATCA;ATAG;GGCG;ATCG;;;2338;2131;1307;965;;
M14;13qC;CCTC;TGGC;TGTG;;;;4574;2881;1355;;;
M14;13qD;AAGT;AAAT;GGGT;AGGT;;;2041;2005;1207;160;;
M14;14qA;GCG;TCC;GTG;TCG;;;935;868;251;49;;
M14;14qB;CCC;ACC;ATC;;;;4808;2855;1368;;;
M14;14qC;CAG;TGG;TAG;;;;3923;2602;589;;;
M14;14qD;GTG;GAT;TAT;;;;4505;4320;1510;;;
M14;15qA;ATAA;ATCA;GTAA;;;;4375;4243;2319;;;
M14;15qB;GGA;TGG;GAA;GGG;;;6413;1593;1331;301;;
M14;15qC;ATT;GCT;;;;;2926;2920;;;;
M14;15qD;CCGG;CTGG;CTGA;;;;8415;2259;320;;;
M14;16pA;CGTA;CATG;;;;;4783;4353;;;;
M14;16pB;AC;GT;GC;;;;86;71;22;;;
M14;16qA;TGT;TGC;;;;;8908;227;;;;
M14;16qB;AAT;GGA;GAT;;;;3866;2888;684;;;
M14;17pA;TCC;TCA;;;;;3659;2152;;;;
M14;17qA;GATT;ACCT;;;;;4084;4000;;;;
M14;17qB;AGT;GGC;AGC;;;;3857;2598;768;;;
M14;18pA;TCGTG;CAATG;;;;;9324;1262;;;;
M14;18qA;GCG;GAG;GAA;;;;3925;3092;912;;;
M14;18qB;GGC;GAT;;;;;4408;1502;;;;
M14;18qC;TGAG;TGAT;TAGG;GAAG;;;484;368;177;133;;
M14;19pA;CGA;TCG;;;;;5744;5594;;;;
M14;19pB;AACTG;GGTTG;AGTCT;;;;5654;970;769;;;
M14;19qA;TCGC;CCAC;CCGC;;;;818;741;35;;;
M14;20pA;TGCC;TATT;;;;;4164;3695;;;;
M14;20pB;AGG;TCA;;;;;10006;1397;;;;
M14;20qA;TAC;GGC;GAA;;;;3243;2356;683;;;
M14;20qB;CAAC;CCAT;TCGC;CCGT;;;5172;2998;273;202;;
M14;21qA;CAGG;GTGG;GAGA;;;;5532;711;212;;;
M14;21qB;TAC;TAT;;;;;12112;253;;;;
M14;22qA;ACTA;ATGG;ACTG;TCGG;;;7248;1015;653;205;;
M14;22qB;AATAT;GGCGT;;;;;8785;1144;;;;
M1;1pA;ACGC;GCGG;GCCG;;;;4776;3673;2020;;;
M1;1pB;AGC;AAC;;;;;5307;1222;;;;
M1;1pC;TAG;TGG;TGT;;;;4370;1039;1034;;;
M1;1pD;CCC;CCA;;;;;4248;1869;;;;
M1;1qA;GA;GG;AG;;;;2173;1944;1522;;;
M1;1qB;TCGT;CGGC;TCGC;;;;2376;1990;1836;;;
M1;1qC;GAC;TAA;AAC;TAC;;;586;563;374;316;;
M1;1qD;CAA;CAG;TAG;;;;4413;3293;2386;;;
M1;2pA;TCGA;TAGA;AAGA;;;;2869;2640;2559;;;
M1;2pB;GCC;;;;;;7715;;;;;
M1;2pC;GCGT;GCTT;ACGT;;;;5957;3935;2723;;;
M1;2qA;TTAC;CCAC;CCAG;;;;2741;1786;1603;;;
M1;2qB;AAA;ATA;;;;;3828;3278;;;;
M1;2qC;TGG;ACA;ACG;;;;2163;957;388;;;
M1;2qD;GCG;;;;;;9182;;;;;
M1;2qE;CAT;CGG;;;;;3281;2905;;;;
M1;3pA;CTAT;CTAC;;;;;5773;4883;;;;
M1;3pB;CGCGA;AACCG;;;;;5600;3117;;;;
M1;3qA;CACC;CACT;;;;;6022;3637;;;;
M1;3qB;ACA;;;;;;9247;;;;;
M1;3qC;ACTGG;ACCGG;ACCAG;;;;4600;1265;1182;;;
M1;4pA;GGCA;GGCG;;;;;6500;1589;;;;
M1;4pB;CAC;TGC;CAG;CGC;;;3826;3497;1954;1861;;
M1;4qA;CTT;GCG;CCG;;;;4904;1873;1429;;;
M1;4qB;CAA;CGG;TGA;;;;4067;2487;1999;;;
M1;4qC;GGGG;TAGG;;;;;7097;2324;;;;
M1;4qD;GGCC;AACC;GGTC;;;;4956;3527;1947;;;
M1;5pA;GCAC;ACAG;ACTG;ATAG;;;1911;1340;736;608;;
M1;5pB;CA;AA;;;;;8546;1986;;;;
M1;5qA;TTTT;TCGT;TCTT;TCTA;;;3504;2438;1759;1628;;
M1;5qB;TTGC;TTAC;;;;;5784;5381;;;;
M1;5qC;TGT;CGT;CGC;CAC;;;2379;2239;1732;1319;;
M1;6pA;CCT;CCA;CTT;;;;5535;4070;1870;;;
M1;6qA;GCT;CCT;GCC;;;;3082;2664;2569;;;
M1;6qB;GCGG;GCAC;GCTG;;;;5916;2506;401;;;
M1;6qC;ATC;CTC;;;;;2672;2204;;;;
M1;6qD;TCTT;TCCT;;;;;5076;2559;;;;
M1;7pA;TATC;AGTC;AATA;;;;3324;3139;2738;;;
M1;7pB;TAGC;AAGC;AGGC;TAGT;;;4103;3358;1948;1855;;
M1;7pC;CTCGT;CCTAC;TCCGC;;;;506;490;411;;;
M1;7qA;CAC;CAT;;;;;10262;2134;;;;
M1;7qB;CAA;CCA;TCA;;;;4006;2207;1534;;;
M1;7qC;AGTGC;TACGC;;;;;4219;3736;;;;
M1;8pA;GGTA;AGTA;GGGG;;;;2712;1695;847;;;
M1;8pB;CATCA;CTCTG;;;;;7248;3214;;;;
M1;8qA;AAT;AGT;;;;;6561;3374;;;;
M1;8qB;GTC;GTT;ATT;;;;4234;2562;1518;;;
M1;8qC;CCGC;CAGC;;;;;8167;1842;;;;
M1;9pA;ATCAA;GTCGC;ATTGC;;;;4601;2395;1101;;;
M1;9pB;TCGT;;;;;;7200;;;;;
M1;9qA;TCC;TGC;GGC;ACC;;;6498;2303;1913;268;;
M1;9qB;TGCC;CGTT;TGCT;CATT;TGTT;;2128;2126;1424;956;163;
M1;9qC;ATCGC;GCTGA;;;;;6177;1079;;;;
M1;10pA;TGG;TAG;;;;;4917;1289;;;;
M1;10pB;TGG;TGA;;;;;2672;2412;;;;
M1;10qA;AAG;CGG;AGG;;;;3249;2524;1522;;;
M1;10qB;GTA;AGA;;;;;9813;2195;;;;
M1;11pA;GCG;ATG;;;;;4386;952;;;;
M1;11pB;CATG;CGCG;TGCG;;;;6195;2412;2303;;;
M1;11qA;CC;GC;;;;;7608;3005;;;;
M1;11qB;GTGC;ATAC;ATGT;;;;6287;4011;2102;;;
M1;11qC;AAC;AAT;;;;;3574;1960;;;;
M1;12pA;TTGA;ACGA;;;;;2482;1654;;;;
M1;12pB;TGT;TAT;;;;;14397;3408;;;;
M1;12qB;AAAT;GCAC;;;;;5630;3806;;;;
M1;12qC;GCGC;;;;;;3673;;;;;
M1;13qA;ACAG;GTAA;ATGG;ATAA;;;3850;2513;1616;1260;;
M1;13qB;GGCG;ATCG;;;;;5632;4424;;;;
M1;13qC;TGTG;CCTC;CGTC;;;;5647;3160;1780;;;
M1;13qD;GGGT;AAAT;AGGT;;;;3626;1179;946;;;
M1;14qA;GCG;GTG;TCG;;;;1480;879;481;;;
M1;14qB;ATC;CCC;;;;;7156;3499;;;;
M1;14qC;TGG;CAG;TAG;;;;3290;3247;2558;;;
M1;14qD;GTG;TAT;GAT;;;;5758;4274;1977;;;
M1;15qA;GTAA;ACAA;;;;;12269;2830;;;;
M1;15qB;TGG;GAA;GGG;TAG;;;4051;3259;1581;298;;
M1;15qC;GCT;ATT;;;;;3587;2161;;;;
M1;15qD;CTGG;CTGA;CCGG;;;;7351;2181;1537;;;
M1;16pA;CGTA;CATG;;;;;8211;3753;;;;
M1;16pB;GT;GC;AC;;;;130;94;68;;;
M1;16qA;TGT;TGC;;;;;6455;1553;;;;
M1;16qB;GGA;AAT;GAT;;;;3502;2939;2781;;;
M1;17pA;TCC;TCA;;;;;7464;1424;;;;
M1;17qA;ACCT;GATT;GCCC;;;;4646;3308;1413;;;
M1;17qB;AGT;AGC;GGC;;;;6368;3701;1991;;;
M1;18pA;TCGTG;CAATG;;;;;6109;4888;;;;
M1;18qA;GCG;GAA;;;;;4799;2338;;;;
M1;18qB;GAT;GGC;;;;;5352;3167;;;;
M1;18qC;TAGG;GAAG;;;;;786;558;;;;
M1;19pA;CGA;TCG;CGG;;;;6419;4467;2998;;;
M1;19pB;GGTTG;AGTCT;AACTG;;;;3976;3344;1203;;;
M1;19qA;TCGC;CCAC;CCGC;;;;2990;603;75;;;
M1;20pA;TGCC;TATT;CACC;;;;5109;3644;1851;;;
M1;20pB;TCA;AGG;;;;;6113;5018;;;;
M1;20qA;GGC;GAA;TAC;;;;3125;2537;2039;;;
M1;20qB;CAAC;TCGC;CCGT;;;;5844;2133;2036;;;
M1;21qA;CAGG;GTGG;GAGA;;;;3839;2762;1584;;;
M1;21qB;TAC;TAT;;;;;7099;1324;;;;
M1;22qA;ACTG;ATGG;TCGG;ACTA;;;3606;3038;2161;1855;;
M1;22qB;AATAT;GGCGT;;;;;7440;2988;;;;
M2;1pA;ACGC;GCGG;GCCG;;;;6529;5771;1556;;;
M2;1pB;AGC;AAC;;;;;8646;941;;;;
M2;1pC;TAG;TGG;TGT;GAG;;;7166;569;396;188;;
M2;1pD;CCC;CCA;;;;;4004;3107;;;;
M2;1qA;GA;AG;GG;;;;3597;3429;1525;;;
M2;1qB;TCGC;CGGC;TCGT;;;;2942;2741;1079;;;
M2;1qC;TAA;GAC;TAC;AAC;;;1562;1300;293;263;;
M2;1qD;CAG;CAA;TAG;;;;5655;5191;1088;;;
M2;2pA;TAGA;AAGA;TCGA;;;;4945;3851;2055;;;
M2;2pB;GCC;;;;;;10153;;;;;
M2;2pC;GCGT;GCTT;ACGT;;;;7880;6675;1456;;;
M2;2qA;CCAC;CCAG;TTAC;;;;3086;2914;1494;;;
M2;2qB;AAA;ATA;;;;;4247;3618;;;;
M2;2qC;TGG;ACA;ACG;;;;2511;1582;168;;;
M2;2qD;GCG;;;;;;10931;;;;;
M2;2qE;CGG;CAT;;;;;4410;4187;;;;
M2;3pA;CTAC;CTAT;;;;;6457;6324;;;;
M2;3pB;CGCGA;AACCG;;;;;5404;4798;;;;
M2;3qA;CACC;CACT;;;;;8913;1314;;;;
M2;3qB;ACA;;;;;;10046;;;;;
M2;3qC;ACTGG;ACCGG;ACCAG;;;;6892;713;676;;;
M2;4pA;GGCA;GGCG;;;;;9757;1259;;;;
M2;4pB;CAC;TGC;CAG;CGC;;;5545;5403;1157;731;;
M2;4qA;CTT;GCG;CCG;;;;8088;1279;1093;;;
M2;4qB;CAA;CGG;TGA;;;;5694;4921;923;;;
M2;4qC;GGGG;TAGG;;;;;10327;1050;;;;
M2;4qD;GGCC;AACC;GGTC;;;;5645;5062;872;;;
M2;5pA;GCAC;ACAG;ATAG;ACTG;;;3225;2336;526;518;;
M2;5pB;CA;AA;;;;;12276;854;;;;
M2;5qA;TTTT;TCGT;TCTA;TCTT;;;4242;3887;1323;736;;
M2;5qB;TTAC;TTGC;;;;;5720;5575;;;;
M2;5qC;TGT;CGT;CGC;CAC;;;4651;4058;959;850;;
M2;6pA;CCT;CCA;CTT;;;;7328;5664;1115;;;
M2;6qA;CCT;GCC;GCT;;;;3590;3484;1603;;;
M2;6qB;GCGG;GCAC;GCTG;;;;5153;4331;439;;;
M2;6qC;ATC;CTC;;;;;2749;2555;;;;
M2;6qD;TCCT;TCTT;;;;;5034;4691;;;;
M2;7pA;TATC;AATA;AGTC;;;;5639;5506;1900;;;
M2;7pB;TAGC;AAGC;AGGC;TAGT;;;3567;3129;675;567;;
M2;7pC;CCTAC;TCCGC;CTCGT;;;;1134;904;347;;;
M2;7qA;CAC;CAT;;;;;13820;1277;;;;
M2;7qB;CAA;CCA;TCA;;;;4206;3649;478;;;
M2;7qC;TACGC;AGTGC;;;;;5455;4869;;;;
M2;8pA;GGTA;AGTA;GGGG;;;;3997;2977;531;;;
M2;8pB;CATCA;CTCTG;;;;;7437;5522;;;;
M2;8qA;AAT;AGT;;;;;7627;4611;;;;
M2;8qB;GTC;GTT;ATT;;;;4931;3648;622;;;
M2;8qC;CCGC;CAGC;;;;;11481;1199;;;;
M2;9pA;ATCAA;GTCGC;ATTGC;;;;4656;3778;731;;;
M2;9pB;TCGT;;;;;;10281;;;;;
M2;9qA;TCC;GGC;TGC;ACC;;;9700;1094;997;717;;
M2;9qB;CGTT;TGCC;TGCT;CATT;TGTT;;3436;2401;590;552;316;
M2;9qC;ATCGC;GCTGA;;;;;7349;604;;;;
M2;10pA;TGG;TAG;;;;;6877;583;;;;
M2;10pB;TGA;TGG;;;;;3453;3207;;;;
M2;10qA;AAG;CGG;AGG;;;;3543;3206;671;;;
M2;10qB;GTA;AGA;;;;;13302;1424;;;;
M2;11pA;GCG;ATG;;;;;5913;491;;;;
M2;11pB;CATG;CGCG;TGCG;;;;9399;1226;858;;;
M2;11qA;CC;GC;;;;;7994;5325;;;;
M2;11qB;GTGC;ATAC;ATGT;;;;6313;5837;1411;;;
M2;11qC;AAC;AAT;;;;;4035;3393;;;;
M2;12pA;TTGA;ACGA;;;;;4494;1079;;;;
M2;12pB;TGT;TAT;;;;;21041;1559;;;;
M2;12qB;AAAT;GCAC;;;;;9464;2433;;;;
M2;12qC;GCGC;;;;;;5433;;;;;
M2;13qA;ACAG;GTAA;ATGG;ATAA;;;5489;3509;874;674;;
M2;13qB;GGCG;ATCG;;;;;6998;5034;;;;
M2;13qC;TGTG;CCTC;CGTC;;;;5038;4036;693;;;
M2;13qD;GGGT;AGGT;AAAT;;;;5877;729;695;;;
M2;14qA;GCG;GTG;TCG;;;;1842;1667;228;;;
M2;14qB;ATC;CCC;;;;;8227;5541;;;;
M2;14qC;CAG;TAG;TGG;;;;4603;3970;1401;;;
M2;14qD;GTG;TAT;GAT;;;;8145;6970;972;;;
M2;15qA;GTAA;ACAA;;;;;15209;1869;;;;
M2;15qB;TGG;GAA;GGG;TAG;;;7374;5998;948;470;;
M2;15qC;GCT;ATT;;;;;3919;3259;;;;
M2;15qD;CTGG;CTGA;CCGG;;;;11740;1112;896;;;
M2;16pA;CGTA;CATG;;;;;8229;6798;;;;
M2;16pB;GT;GC;AC;;;;165;131;26;;;
M2;16qA;TGT;TGC;;;;;9543;1013;;;;
M2;16qB;GAT;AAT;GGA;;;;4267;3972;1784;;;
M2;17pA;TCC;TCA;;;;;8220;1258;;;;
M2;17qA;ACCT;GATT;GCCC;;;;5859;5280;1193;;;
M2;17qB;AGT;AGC;GGC;;;;7327;5418;1140;;;
M2;18pA;TCGTG;CAATG;;;;;6927;6339;;;;
M2;18qA;GCG;GAA;;;;;4797;3316;;;;
M2;18qB;GAT;GGC;;;;;7923;1783;;;;
M2;18qC;TAGG;GAAG;;;;;1197;654;;;;
M2;19pA;CGA;TCG;CGG;;;;7893;5928;914;;;
M2;19pB;GGTTG;AGTCT;AACTG;;;;4292;4100;832;;;
M2;19qA;TCGC;CCAC;CCGC;;;;4013;373;154;;;
M2;20pA;TGCC;TATT;CACC;;;;6571;4785;1245;;;
M2;20pB;TCA;AGG;;;;;6355;6158;;;;
M2;20qA;TAC;GAA;GGC;;;;4830;4673;1586;;;
M2;20qB;CAAC;TCGC;CCGT;;;;10785;1285;1082;;;
M2;21qA;CAGG;GTGG;GAGA;;;;5576;4071;897;;;
M2;21qB;TAC;TAT;;;;;9589;754;;;;
M2;22qA;ACTG;ATGG;TCGG;ACTA;;;6861;6056;1598;1404;;
M2;22qB;AATAT;GGCGT;;;;;6858;4991;;;;
M3;1pA;ACGC;GCGG;GCCG;;;;4065;3657;311;;;
M3;1pB;AGC;AAC;;;;;5680;141;;;;
M3;1pC;TAG;TGG;;;;;5233;141;;;;
M3;1pD;CCC;CCA;;;;;2751;2536;;;;
M3;1qA;AG;GA;GG;;;;2601;2429;348;;;
M3;1qB;CGGC;TCGC;TCGT;;;;2135;2075;345;;;
M3;1qC;TAA;GAC;AAC;TAC;;;773;760;47;36;;
M3;1qD;CAA;CAG;TAG;;;;4261;3648;353;;;
M3;2pA;TAGA;AAGA;TCGA;;;;3530;3334;423;;;
M3;2pB;GCC;;;;;;6584;;;;;
M3;2pC;GCGT;GCTT;ACGT;;;;4788;4512;412;;;
M3;2qA;CCAC;CCAG;TTAC;;;;2087;2086;305;;;
M3;2qB;AAA;ATA;;;;;2493;2171;;;;
M3;2qC;TGG;ACA;;;;;1465;1202;;;;
M3;2qD;GCG;;;;;;7190;;;;;
M3;2qE;CGG;CAT;;;;;2209;2097;;;;
M3;3pA;CTAT;CTAC;;;;;4404;3955;;;;
M3;3pB;AACCG;CGCGA;;;;;3224;3151;;;;
M3;3qA;CACC;CACT;;;;;6483;495;;;;
M3;3qB;ACA;;;;;;6596;;;;;
M3;3qC;ACTGG;ACCAG;ACCGG;;;;5361;250;184;;;
M3;4pA;GGCA;GGCG;;;;;6587;354;;;;
M3;4pB;TGC;CAC;CAG;CGC;;;3312;3174;350;208;;
M3;4qA;CTT;CCG;GCG;;;;6464;370;261;;;
M3;4qB;CAA;CGG;TGA;;;;3600;3537;249;;;
M3;4qC;GGGG;TAGG;;;;;6896;298;;;;
M3;4qD;AACC;GGCC;GGTC;;;;4335;3844;183;;;
M3;5pA;GCAC;ACAG;ATAG;ACTG;;;2248;1853;223;117;;
M3;5pB;CA;;;;;;10314;;;;;
M3;5qA;TCGT;TTTT;TCTA;;;;3041;2822;185;;;
M3;5qB;TTAC;TTGC;;;;;3648;3278;;;;
M3;5qC;CGT;TGT;CGC;;;;3327;3077;243;;;
M3;6pA;CCT;CCA;CTT;;;;4670;4212;406;;;
M3;6qA;GCC;CCT;GCT;;;;2824;2685;251;;;
M3;6qB;GCGG;GCAC;;;;;4256;3672;;;;
M3;6qC;CTC;ATC;;;;;1762;1733;;;;
M3;6qD;TCTT;TCCT;;;;;3884;3788;;;;
M3;7pA;TATC;AATA;AGTC;;;;4120;3583;530;;;
M3;7pB;TAGC;AAGC;TAGT;AGGC;;;3747;3465;291;212;;
M3;7pC;TCCGC;CCTAC;CTCGT;;;;783;757;120;;;
M3;7qA;CAC;CAT;;;;;9516;389;;;;
M3;7qB;CAA;CCA;TCA;;;;2705;2495;132;;;
M3;7qC;TACGC;AGTGC;;;;;3180;3063;;;;
M3;8pA;AGTA;GGTA;;;;;2265;2027;;;;
M3;8pB;CATCA;CTCTG;;;;;4307;4279;;;;
M3;8qA;AAT;AGT;;;;;3760;3296;;;;
M3;8qB;GTC;GTT;ATT;;;;3224;2673;187;;;
M3;8qC;CCGC;CAGC;;;;;8421;377;;;;
M3;9pA;ATCAA;GTCGC;ATTGC;;;;3767;3206;179;;;
M3;9pB;TCGT;;;;;;7310;;;;;
M3;9qA;TCC;GGC;TGC;;;;6230;213;159;;;
M3;9qB;TGCC;CGTT;CATT;TGCT;TGTT;;2593;2430;257;247;145;
M3;9qC;ATCGC;;;;;;5216;;;;;
M3;10pA;TGG;TAG;;;;;3805;122;;;;
M3;10pB;TGG;TGA;;;;;2387;2063;;;;
M3;10qA;CGG;AAG;AGG;;;;3207;2751;194;;;
M3;10qB;GTA;AGA;;;;;7984;265;;;;
M3;11pA;GCG;ATG;;;;;3932;140;;;;
M3;11pB;CATG;CGCG;TGCG;;;;6314;332;204;;;
M3;11qA;CC;GC;;;;;3903;3039;;;;
M3;11qB;ATAC;GTGC;ATGT;;;;4324;3962;292;;;
M3;11qC;AAT;AAC;;;;;2759;2254;;;;
M3;12pA;TTGA;ACGA;;;;;3044;271;;;;
M3;12pB;TGT;TAT;;;;;13387;377;;;;
M3;12qB;AAAT;GCAC;;;;;6842;607;;;;
M3;12qC;GCGC;;;;;;3308;;;;;
M3;13qA;ACAG;GTAA;ATGG;;;;4003;2408;185;;;
M3;13qB;GGCG;ATCG;;;;;4768;3687;;;;
M3;13qC;CCTC;TGTG;CGTC;;;;3877;3724;229;;;
M3;13qD;GGGT;AGGT;AAAT;;;;3890;212;117;;;
M3;14qA;GTG;GCG;TCG;;;;1151;1008;76;;;
M3;14qB;ATC;CCC;;;;;3942;3315;;;;
M3;14qC;TAG;CAG;TGG;;;;3250;3174;451;;;
M3;14qD;GTG;TAT;GAT;;;;4269;4215;231;;;
M3;15qA;GTAA;ACAA;;;;;10101;241;;;;
M3;15qB;GAA;TGG;GGG;TAG;;;4113;3805;355;219;;
M3;15qC;ATT;GCT;;;;;2316;2160;;;;
M3;15qD;CTGG;CCGG;CTGA;;;;8078;292;211;;;
M3;16pA;CGTA;CATG;;;;;5507;4421;;;;
M3;16pB;GC;GT;AC;;;;116;85;14;;;
M3;16qA;TGT;TGC;;;;;6794;244;;;;
M3;16qB;AAT;GAT;GGA;;;;2869;2727;458;;;
M3;17pA;TCC;TCA;;;;;6177;187;;;;
M3;17qA;GATT;ACCT;GCCC;;;;4075;3634;222;;;
M3;17qB;AGT;AGC;GGC;;;;5089;3964;222;;;
M3;18pA;TCGTG;CAATG;;;;;3820;3355;;;;
M3;18qA;GCG;GAA;;;;;3468;2856;;;;
M3;18qB;GAT;GGC;;;;;6945;442;;;;
M3;18qC;TAGG;GAAG;;;;;816;519;;;;
M3;19pA;CGA;TCG;CGG;;;;4623;3820;200;;;
M3;19pB;AGTCT;GGTTG;AACTG;;;;3264;2914;206;;;
M3;19qA;TCGC;CCAC;CCGC;;;;2891;100;77;;;
M3;20pA;TGCC;TATT;CACC;;;;3943;3691;311;;;
M3;20pB;TCA;AGG;;;;;4834;4790;;;;
M3;20qA;GAA;TAC;GGC;;;;3229;3048;260;;;
M3;20qB;CAAC;CCGT;TCGC;;;;7192;329;263;;;
M3;21qA;CAGG;GTGG;GAGA;;;;3742;3058;296;;;
M3;21qB;TAC;TAT;;;;;6164;177;;;;
M3;22qA;ACTG;ATGG;ACTA;TCGG;;;4092;3881;415;285;;
M3;22qB;AATAT;GGCGT;;;;;3303;3187;;;;
M4;1pA;ACGC;GCGG;GCCG;;;;5424;4964;353;;;
M4;1pB;AGC;;;;;;6851;;;;;
M4;1pC;TAG;GAG;;;;;6876;256;;;;
M4;1pD;CCC;CCA;;;;;3013;2908;;;;
M4;1qA;GA;AG;GG;;;;3632;3004;229;;;
M4;1qB;TCGC;CGGC;TCGT;;;;2638;2529;184;;;
M4;1qC;GAC;TAA;TAC;AAC;;;957;849;42;40;;
M4;1qD;CAG;CAA;TAG;;;;5095;4411;335;;;
M4;2pA;TAGA;AAGA;TCGA;;;;4473;3895;388;;;
M4;2pB;GCC;;;;;;7746;;;;;
M4;2pC;GCGT;GCTT;ACGT;;;;6853;6245;381;;;
M4;2qA;CCAG;CCAC;TTAC;;;;2985;2884;309;;;
M4;2qB;AAA;ATA;;;;;3399;3115;;;;
M4;2qC;TGG;ACA;;;;;2152;1537;;;;
M4;2qD;GCG;;;;;;8393;;;;;
M4;2qE;CGG;CAT;;;;;3676;3181;;;;
M4;3pA;CTAC;CTAT;;;;;5521;4957;;;;
M4;3pB;CGCGA;AACCG;;;;;5312;4492;;;;
M4;3qA;CACC;CACT;;;;;9034;530;;;;
M4;3qB;ACA;;;;;;6896;;;;;
M4;3qC;ACTGG;ACCGG;;;;;6463;251;;;;
M4;4pA;GGCA;GGCG;;;;;7777;211;;;;
M4;4pB;CAC;TGC;CAG;;;;4651;4102;209;;;
M4;4qA;CTT;CCG;GCG;;;;7801;290;191;;;
M4;4qB;CAA;CGG;TGA;;;;4389;4311;222;;;
M4;4qC;GGGG;TAGG;;;;;8755;201;;;;
M4;4qD;AACC;GGCC;GGTC;;;;5994;4907;330;;;
M4;5pA;GCAC;ACAG;;;;;2945;2264;;;;
M4;5pB;CA;AA;;;;;10951;314;;;;
M4;5qA;TCGT;TTTT;TCTT;TCTA;;;3638;3467;216;171;;
M4;5qB;TTAC;TTGC;;;;;4920;3755;;;;
M4;5qC;CGT;TGT;CGC;;;;4566;4511;293;;;
M4;6pA;CCT;CCA;CTT;;;;5069;4267;261;;;
M4;6qA;GCC;CCT;GCT;;;;3052;2915;205;;;
M4;6qB;GCGG;GCAC;GCTG;;;;4822;3964;440;;;
M4;6qC;ATC;CTC;;;;;2128;1823;;;;
M4;6qD;TCCT;TCTT;;;;;4100;4092;;;;
M4;7pA;AATA;TATC;AGTC;;;;5357;5129;398;;;
M4;7pB;TAGC;AAGC;AGGC;;;;4396;3873;237;;;
M4;7pC;TCCGC;CCTAC;CTCGT;;;;974;917;78;;;
M4;7qA;CAC;;;;;;12580;;;;;
M4;7qB;CCA;CAA;TCA;;;;2860;2792;123;;;
M4;7qC;AGTGC;TACGC;;;;;4222;3836;;;;
M4;8pA;GGTA;AGTA;;;;;3530;3188;;;;
M4;8pB;CATCA;CTCTG;;;;;4842;4696;;;;
M4;8qA;AAT;AGT;;;;;4583;4073;;;;
M4;8qB;GTC;GTT;ATT;;;;4633;4127;259;;;
M4;8qC;CCGC;;;;;;10025;;;;;
M4;9pA;ATCAA;GTCGC;;;;;3826;3687;;;;
M4;9pB;TCGT;;;;;;8426;;;;;
M4;9qA;TCC;ACC;GGC;;;;8258;352;210;;;
M4;9qB;CGTT;TGCC;TGTT;CATT;;;2906;2639;276;137;;
M4;9qC;ATCGC;;;;;;6478;;;;;
M4;10pA;TGG;;;;;;4881;;;;;
M4;10pB;TGA;TGG;;;;;2652;2390;;;;
M4;10qA;CGG;AAG;;;;;3520;3108;;;;
M4;10qB;GTA;AGA;;;;;9465;211;;;;
M4;11pA;GCG;;;;;;4985;;;;;
M4;11pB;CATG;CGCG;TGCG;;;;8386;275;227;;;
M4;11qA;CC;GC;;;;;5851;4443;;;;
M4;11qB;GTGC;ATAC;;;;;5926;5716;;;;
M4;11qC;AAT;AAC;;;;;3280;2314;;;;
M4;12pA;TTGA;ACGA;;;;;3883;212;;;;
M4;12pB;TGT;TAT;;;;;16787;426;;;;
M4;12qB;AAAT;GCAC;;;;;8977;564;;;;
M4;12qC;GCGC;;;;;;4082;;;;;
M4;13qA;ACAG;GTAA;ATGG;;;;6016;3341;295;;;
M4;13qB;GGCG;ATCG;;;;;4596;3825;;;;
M4;13qC;CCTC;TGTG;;;;;3934;3872;;;;
M4;13qD;GGGT;AGGT;;;;;5325;169;;;;
M4;14qA;GTG;GCG;TCG;;;;1645;1310;87;;;
M4;14qB;CCC;ATC;;;;;4464;4298;;;;
M4;14qC;CAG;TAG;TGG;;;;3895;3570;371;;;
M4;14qD;TAT;GTG;;;;;6303;5917;;;;
M4;15qA;GTAA;;;;;;12883;;;;;
M4;15qB;TGG;GAA;TAG;;;;5237;5157;342;;;
M4;15qC;ATT;GCT;;;;;3393;2958;;;;
M4;15qD;CTGG;CTGA;CCGG;;;;10469;324;290;;;
M4;16pA;CGTA;CATG;;;;;6033;5453;;;;
M4;16pB;GC;GT;AC;;;;114;50;7;;;
M4;16qA;TGT;TGC;;;;;7991;228;;;;
M4;16qB;AAT;GAT;GGA;;;;3697;3608;308;;;
M4;17pA;TCC;TCA;;;;;8305;226;;;;
M4;17qA;GATT;ACCT;GCCC;;;;4739;4559;228;;;
M4;17qB;AGT;AGC;;;;;5572;5166;;;;
M4;18pA;TCGTG;CAATG;;;;;5667;4909;;;;
M4;18qA;GCG;GAA;;;;;4052;4051;;;;
M4;18qB;GAT;GGC;;;;;8746;361;;;;
M4;18qC;TAGG;GAAG;;;;;876;576;;;;
M4;19pA;CGA;TCG;CGG;;;;6221;5595;389;;;
M4;19pB;AGTCT;GGTTG;;;;;4215;3574;;;;
M4;19qA;TCGC;;;;;;2896;;;;;
M4;20pA;TATT;TGCC;;;;;4479;4172;;;;
M4;20pB;AGG;TCA;;;;;5785;4942;;;;
M4;20qA;TAC;GAA;GGC;;;;4971;4393;387;;;
M4;20qB;CAAC;;;;;;10276;;;;;
M4;21qA;GTGG;CAGG;;;;;4214;4011;;;;
M4;21qB;TAC;;;;;;8357;;;;;
M4;22qA;ACTG;ATGG;;;;;4975;4600;;;;
M4;22qB;AATAT;GGCGT;;;;;4676;4036;;;;
M5;1pA;GCGG;ACGC;;;;;6212;6201;;;;
M5;1pB;AGC;;;;;;5791;;;;;
M5;1pC;TAG;GAG;;;;;7115;226;;;;
M5;1pD;CCC;CCA;;;;;3468;3399;;;;
M5;1qA;AG;GA;;;;;3340;3310;;;;
M5;1qB;TCGC;CGGC;;;;;3006;2696;;;;
M5;1qC;GAC;TAA;;;;;1579;1473;;;;
M5;1qD;CAG;CAA;;;;;6317;5488;;;;
M5;2pA;TAGA;AAGA;TCGA;;;;4965;4859;333;;;
M5;2pB;GCC;;;;;;9875;;;;;
M5;2pC;GCGT;GCTT;ACGT;;;;7216;6623;469;;;
M5;2qA;CCAC;CCAG;TTAC;;;;5127;4510;340;;;
M5;2qB;ATA;AAA;;;;;3288;3146;;;;
M5;2qC;TGG;ACA;;;;;1947;1363;;;;
M5;2qD;GCG;;;;;;10020;;;;;
M5;2qE;CAT;CGG;;;;;3367;3051;;;;
M5;3pA;CTAC;CTAT;;;;;6180;5305;;;;
M5;3pB;CGCGA;AACCG;;;;;4966;4494;;;;
M5;3qA;CACC;CACT;;;;;10687;271;;;;
M5;3qB;ACA;;;;;;8808;;;;;
M5;3qC;ACTGG;ACCAG;;;;;7028;164;;;;
M5;4pA;GGCA;;;;;;7226;;;;;
M5;4pB;CAC;TGC;;;;;6250;5239;;;;
M5;4qA;CTT;CCG;;;;;8522;189;;;;
M5;4qB;CAA;CGG;;;;;4415;3943;;;;
M5;4qC;GGGG;;;;;;11794;;;;;
M5;4qD;AACC;GGCC;;;;;6234;5429;;;;
M5;5pA;GCAC;ACAG;;;;;2874;2275;;;;
M5;5pB;CA;;;;;;15291;;;;;
M5;5qA;TCGT;TTTT;;;;;5151;4549;;;;
M5;5qB;TTGC;TTAC;;;;;5603;5353;;;;
M5;5qC;CGT;TGT;;;;;4957;4642;;;;
M5;6pA;CCT;CCA;;;;;9383;7336;;;;
M5;6qA;GCC;CCT;GCT;;;;5884;4963;316;;;
M5;6qB;GCGG;GCAC;GCTG;;;;4225;4208;410;;;
M5;6qC;CTC;ATC;;;;;2415;2216;;;;
M5;6qD;TCCT;TCTT;;;;;4308;3995;;;;
M5;7pA;AATA;TATC;AGTC;;;;5134;4733;288;;;
M5;7pB;AAGC;TAGC;;;;;5923;5737;;;;
M5;7pC;CCTAC;TCCGC;CTCGT;;;;744;738;32;;;
M5;7qA;CAC;;;;;;15637;;;;;
M5;7qB;CCA;CAA;;;;;3949;3847;;;;
M5;7qC;AGTGC;TACGC;;;;;4496;4300;;;;
M5;8pA;AGTA;GGTA;;;;;3490;3300;;;;
M5;8pB;CATCA;CTCTG;;;;;7692;7151;;;;
M5;8qA;AGT;AAT;;;;;6840;5815;;;;
M5;8qB;GTC;GTT;;;;;5760;5394;;;;
M5;8qC;CCGC;;;;;;13027;;;;;
M5;9pA;ATCAA;GTCGC;;;;;4223;4097;;;;
M5;9pB;TCGT;;;;;;11856;;;;;
M5;9qA;TCC;ACC;;;;;11899;671;;;;
M5;9qB;CGTT;TGCC;TGTT;;;;3369;2891;237;;;
M5;9qC;ATCGC;;;;;;8997;;;;;
M5;10pA;TGG;;;;;;5743;;;;;
M5;10pB;TGG;TGA;;;;;2913;2486;;;;
M5;10qA;CGG;AAG;;;;;5815;5055;;;;
M5;10qB;GTA;;;;;;13799;;;;;
M5;11pA;GCG;;;;;;5539;;;;;
M5;11pB;CATG;;;;;;12240;;;;;
M5;11qA;GC;CC;;;;;6365;6290;;;;
M5;11qB;GTGC;ATAC;;;;;6609;6213;;;;
M5;11qC;AAT;AAC;;;;;4168;3082;;;;
M5;12pA;TTGA;ACGA;;;;;4381;176;;;;
M5;12pB;TGT;;;;;;20137;;;;;
M5;12qB;AAAT;GCAC;;;;;8583;336;;;;
M5;12qC;GCGC;;;;;;4620;;;;;
M5;13qA;ACAG;GTAA;;;;;5727;4099;;;;
M5;13qB;GGCG;ATCG;;;;;6935;5505;;;;
M5;13qC;CCTC;TGTG;;;;;5025;4869;;;;
M5;13qD;GGGT;;;;;;7117;;;;;
M5;14qA;GCG;GTG;;;;;1690;1650;;;;
M5;14qB;CCC;ATC;;;;;6114;5998;;;;
M5;14qC;CAG;TAG;TGG;;;;4786;4724;300;;;
M5;14qD;GTG;TAT;GAT;;;;8104;6743;591;;;
M5;15qA;GTAA;ACAA;;;;;19278;450;;;;
M5;15qB;TGG;GAA;TAG;;;;8959;8723;431;;;
M5;15qC;GCT;ATT;;;;;3556;3536;;;;
M5;15qD;CTGG;;;;;;11197;;;;;
M5;16pA;CGTA;CATG;;;;;6390;6157;;;;
M5;16pB;GC;GT;AC;;;;113;78;7;;;
M5;16qA;TGT;;;;;;10914;;;;;
M5;16qB;AAT;GAT;GGA;;;;5519;5316;503;;;
M5;17pA;TCC;;;;;;8241;;;;;
M5;17qA;GATT;ACCT;;;;;5630;3679;;;;
M5;17qB;AGT;AGC;;;;;5206;4828;;;;
M5;18pA;CAATG;TCGTG;;;;;8396;7774;;;;
M5;18qA;GCG;GAA;;;;;5638;5082;;;;
M5;18qB;GAT;GGC;;;;;8134;339;;;;
M5;18qC;TAGG;GAAG;;;;;945;486;;;;
M5;19pA;CGA;TCG;;;;;9643;7527;;;;
M5;19pB;AGTCT;GGTTG;;;;;5401;5211;;;;
M5;19qA;TCGC;;;;;;3673;;;;;
M5;20pA;TGCC;TATT;;;;;5896;5569;;;;
M5;20pB;TCA;AGG;;;;;6950;6159;;;;
M5;20qA;GAA;TAC;GGC;;;;3702;3639;196;;;
M5;20qB;CAAC;;;;;;11569;;;;;
M5;21qA;GTGG;CAGG;;;;;4255;4220;;;;
M5;21qB;TAC;;;;;;13232;;;;;
M5;22qA;ACTG;ATGG;;;;;6910;6655;;;;
M5;22qB;AATAT;GGCGT;;;;;7731;6524;;;;
M6;1pA;GCGG;ACGC;;;;;5266;4290;;;;
M6;1pB;AGC;AAC;;;;;6377;144;;;;
M6;1pC;TAG;GAG;TGG;;;;6719;263;155;;;
M6;1pD;CCA;CCC;;;;;3511;3082;;;;
M6;1qA;GA;AG;GG;;;;2807;2646;165;;;
M6;1qB;CGGC;TCGC;TCGT;;;;3185;3179;140;;;
M6;1qC;GAC;TAA;;;;;1035;986;;;;
M6;1qD;CAG;CAA;TAG;;;;4839;4533;309;;;
M6;2pA;TAGA;AAGA;TCGA;;;;4686;4365;207;;;
M6;2pB;GCC;;;;;;8492;;;;;
M6;2pC;GCGT;GCTT;;;;;7146;6684;;;;
M6;2qA;CCAC;CCAG;TTAC;;;;2908;2905;144;;;
M6;2qB;AAA;ATA;;;;;4280;3460;;;;
M6;2qC;TGG;ACA;;;;;2295;1753;;;;
M6;2qD;GCG;;;;;;10806;;;;;
M6;2qE;CGG;CAT;;;;;2789;2512;;;;
M6;3pA;CTAT;CTAC;;;;;6515;5691;;;;
M6;3pB;AACCG;CGCGA;;;;;4073;3574;;;;
M6;3qA;CACC;CACT;;;;;10761;288;;;;
M6;3qB;ACA;;;;;;9832;;;;;
M6;3qC;ACTGG;;;;;;7262;;;;;
M6;4pA;GGCA;;;;;;6674;;;;;
M6;4pB;TGC;CAC;;;;;6199;5421;;;;
M6;4qA;CTT;;;;;;8339;;;;;
M6;4qB;CAA;CGG;;;;;4776;4357;;;;
M6;4qC;GGGG;TAGG;;;;;10443;217;;;;
M6;4qD;GGCC;AACC;;;;;5709;5288;;;;
M6;5pA;GCAC;ACAG;;;;;2795;2540;;;;
M6;5pB;CA;;;;;;11762;;;;;
M6;5qA;TTTT;TCGT;;;;;5272;4347;;;;
M6;5qB;TTGC;TTAC;;;;;5081;4929;;;;
M6;5qC;CGT;TGT;;;;;4350;4332;;;;
M6;6pA;CCA;CCT;;;;;6867;5962;;;;
M6;6qA;CCT;GCC;GCT;;;;4580;4279;252;;;
M6;6qB;GCGG;GCAC;GCTG;;;;3986;3695;300;;;
M6;6qC;ATC;CTC;;;;;2116;2096;;;;
M6;6qD;TCCT;TCTT;;;;;4731;4013;;;;
M6;7pA;TATC;AATA;AGTC;;;;4924;4327;275;;;
M6;7pB;TAGC;AAGC;;;;;5878;5490;;;;
M6;7pC;CCTAC;TCCGC;CTCGT;;;;783;724;44;;;
M6;7qA;CAC;CAT;;;;;13169;321;;;;
M6;7qB;CAA;CCA;;;;;3790;3367;;;;
M6;7qC;TACGC;AGTGC;;;;;4440;4121;;;;
M6;8pA;GGTA;AGTA;;;;;3527;3088;;;;
M6;8pB;CATCA;CTCTG;;;;;4890;4873;;;;
M6;8qA;AAT;AGT;;;;;6164;5828;;;;
M6;8qB;GTC;GTT;ATT;;;;4577;3938;218;;;
M6;8qC;CCGC;;;;;;11441;;;;;
M6;9pA;ATCAA;GTCGC;;;;;6102;5619;;;;
M6;9pB;TCGT;;;;;;8006;;;;;
M6;9qA;TCC;ACC;;;;;9860;265;;;;
M6;9qB;TGCC;CGTT;TGTT;;;;4523;3108;233;;;
M6;9qC;ATCGC;;;;;;8457;;;;;
M6;10pA;TGG;;;;;;5235;;;;;
M6;10pB;TGA;TGG;;;;;2902;2746;;;;
M6;10qA;CGG;AAG;;;;;4454;4392;;;;
M6;10qB;GTA;;;;;;12486;;;;;
M6;11pA;GCG;;;;;;4523;;;;;
M6;11pB;CATG;TGCG;;;;;10648;296;;;;
M6;11qA;CC;GC;;;;;5719;5408;;;;
M6;11qB;ATAC;GTGC;;;;;7493;6564;;;;
M6;11qC;AAT;AAC;;;;;2987;2268;;;;
M6;12pA;TTGA;ACGA;;;;;3796;135;;;;
M6;12pB;TGT;;;;;;14630;;;;;
M6;12qB;AAAT;GCAC;;;;;8185;335;;;;
M6;12qC;GCGC;;;;;;3687;;;;;
M6;13qA;ACAG;GTAA;;;;;5478;3953;;;;
M6;13qB;GGCG;ATCG;;;;;7345;4973;;;;
M6;13qC;CCTC;TGTG;;;;;5220;4513;;;;
M6;13qD;GGGT;;;;;;6245;;;;;
M6;14qA;GTG;GCG;TCG;;;;1565;1350;64;;;
M6;14qB;ATC;CCC;;;;;5532;5272;;;;
M6;14qC;CAG;TAG;TGG;;;;4634;4550;283;;;
M6;14qD;TAT;GTG;;;;;7199;5846;;;;
M6;15qA;GTAA;;;;;;14178;;;;;
M6;15qB;TGG;GAA;TAG;GTA;;;4670;4365;270;204;;
M6;15qC;ATT;GCT;;;;;3643;2990;;;;
M6;15qD;CTGG;CTGA;;;;;10969;256;;;;
M6;16pA;CATG;CGTA;;;;;6450;5799;;;;
M6;16pB;GC;GT;;;;;100;84;;;;
M6;16qA;TGT;;;;;;8415;;;;;
M6;16qB;AAT;GAT;GGA;;;;5174;4482;311;;;
M6;17pA;TCC;;;;;;7826;;;;;
M6;17qA;GATT;ACCT;;;;;4815;4340;;;;
M6;17qB;AGC;AGT;;;;;4957;4784;;;;
M6;18pA;TCGTG;CAATG;;;;;5528;5347;;;;
M6;18qA;GCG;GAA;;;;;4744;4325;;;;
M6;18qB;GAT;GGC;;;;;8235;203;;;;
M6;18qC;TAGG;GAAG;;;;;960;535;;;;
M6;19pA;CGA;TCG;CGG;;;;6747;6563;322;;;
M6;19pB;GGTTG;AGTCT;;;;;5224;4923;;;;
M6;19qA;TCGC;;;;;;3559;;;;;
M6;20pA;TGCC;TATT;;;;;5720;4644;;;;
M6;20pB;AGG;TCA;;;;;5728;5367;;;;
M6;20qA;TAC;GAA;GGC;;;;4322;3884;204;;;
M6;20qB;CAAC;;;;;;9501;;;;;
M6;21qA;GTGG;CAGG;;;;;4613;4392;;;;
M6;21qB;TAC;;;;;;11915;;;;;
M6;22qA;ATGG;ACTG;ACTA;;;;5850;5616;294;;;
M6;22qB;AATAT;GGCGT;;;;;5438;5224;;;;
M7;1pA;GCGG;ACGC;;;;;5759;5217;;;;
M7;1pB;AGC;;;;;;5910;;;;;
M7;1pC;TAG;;;;;;6062;;;;;
M7;1pD;CCA;CCC;;;;;2657;2624;;;;
M7;1qA;GA;AG;GG;;;;3066;2856;197;;;
M7;1qB;TCGC;CGGC;;;;;2684;2569;;;;
M7;1qC;TAA;GAC;;;;;1051;1004;;;;
M7;1qD;CAG;CAA;TAG;;;;4499;4344;205;;;
M7;2pA;AAGA;TAGA;;;;;4120;3999;;;;
M7;2pB;GCC;;;;;;8053;;;;;
M7;2pC;GCGT;GCTT;;;;;6222;5794;;;;
M7;2qA;CCAC;CCAG;TTAC;;;;2854;2667;121;;;
M7;2qB;AAA;ATA;;;;;2725;2599;;;;
M7;2qC;TGG;ACA;;;;;1968;1520;;;;
M7;2qD;GCG;;;;;;8736;;;;;
M7;2qE;CAT;CGG;;;;;2542;2447;;;;
M7;3pA;CTAC;CTAT;;;;;4243;4240;;;;
M7;3pB;AACCG;CGCGA;;;;;3528;3359;;;;
M7;3qA;CACC;CACT;;;;;8752;191;;;;
M7;3qB;ACA;;;;;;8590;;;;;
M7;3qC;ACTGG;;;;;;6162;;;;;
M7;4pA;GGCA;;;;;;7623;;;;;
M7;4pB;CAC;TGC;;;;;5050;5036;;;;
M7;4qA;CTT;;;;;;8057;;;;;
M7;4qB;CAA;CGG;;;;;4292;4197;;;;
M7;4qC;GGGG;;;;;;8708;;;;;
M7;4qD;AACC;GGCC;;;;;5670;4866;;;;
M7;5pA;GCAC;ACAG;;;;;2371;2096;;;;
M7;5pB;CA;;;;;;12188;;;;;
M7;5qA;TTTT;TCGT;;;;;4072;3921;;;;
M7;5qB;TTGC;TTAC;;;;;4657;4479;;;;
M7;5qC;CGT;TGT;;;;;3951;3390;;;;
M7;6pA;CCA;CCT;;;;;5940;5809;;;;
M7;6qA;CCT;GCC;;;;;4057;3692;;;;
M7;6qB;GCGG;GCAC;;;;;4180;3733;;;;
M7;6qC;CTC;ATC;;;;;2057;1930;;;;
M7;6qD;TCCT;TCTT;;;;;4149;3758;;;;
M7;7pA;AATA;TATC;;;;;4507;4253;;;;
M7;7pB;TAGC;AAGC;;;;;5279;5221;;;;
M7;7pC;CCTAC;TCCGC;CTCGT;;;;765;721;48;;;
M7;7qA;CAC;;;;;;13107;;;;;
M7;7qB;CAA;CCA;TCA;;;;2616;2443;110;;;
M7;7qC;AGTGC;TACGC;;;;;3947;3875;;;;
M7;8pA;GGTA;AGTA;;;;;2987;2900;;;;
M7;8pB;CTCTG;CATCA;;;;;6482;6233;;;;
M7;8qA;AAT;AGT;;;;;4949;4409;;;;
M7;8qB;GTC;GTT;;;;;4284;3804;;;;
M7;8qC;CCGC;;;;;;10314;;;;;
M7;9pA;GTCGC;ATCAA;;;;;3829;3796;;;;
M7;9pB;TCGT;;;;;;8738;;;;;
M7;9qA;TCC;ACC;;;;;11094;357;;;;
M7;9qB;CGTT;TGCC;TGTT;;;;3107;2479;259;;;
M7;9qC;ATCGC;;;;;;7934;;;;;
M7;10pA;TGG;;;;;;5123;;;;;
M7;10pB;TGG;TGA;;;;;2517;2236;;;;
M7;10qA;AAG;CGG;;;;;3961;3937;;;;
M7;10qB;GTA;;;;;;11729;;;;;
M7;11pA;GCG;;;;;;4751;;;;;
M7;11pB;CATG;;;;;;8973;;;;;
M7;11qA;CC;GC;;;;;5598;4663;;;;
M7;11qB;ATAC;GTGC;;;;;5771;4830;;;;
M7;11qC;AAT;AAC;;;;;3262;2427;;;;
M7;12pA;TTGA;ACGA;;;;;3760;79;;;;
M7;12pB;TGT;;;;;;16401;;;;;
M7;12qB;AAAT;GCAC;;;;;7899;167;;;;
M7;12qC;GCGC;;;;;;4115;;;;;
M7;13qA;ACAG;GTAA;;;;;4497;2953;;;;
M7;13qB;GGCG;ATCG;;;;;6071;4275;;;;
M7;13qC;TGTG;CCTC;;;;;4507;4200;;;;
M7;13qD;GGGT;;;;;;5386;;;;;
M7;14qA;GTG;GCG;;;;;1290;1288;;;;
M7;14qB;CCC;ATC;;;;;4842;4212;;;;
M7;14qC;CAG;TAG;;;;;3597;3421;;;;
M7;14qD;TAT;GTG;;;;;6512;6254;;;;
M7;15qA;GTAA;;;;;;14191;;;;;
M7;15qB;GAA;TGG;TAG;GTA;;;5677;4476;346;257;;
M7;15qC;ATT;GCT;;;;;2806;2624;;;;
M7;15qD;CTGG;;;;;;10162;;;;;
M7;16pA;CATG;CGTA;;;;;5723;5557;;;;
M7;16pB;GC;GT;;;;;111;89;;;;
M7;16qA;TGT;;;;;;9346;;;;;
M7;16qB;AAT;GAT;;;;;3767;3435;;;;
M7;17pA;TCC;;;;;;7316;;;;;
M7;17qA;GATT;ACCT;;;;;5513;4298;;;;
M7;17qB;AGT;AGC;;;;;4766;4517;;;;
M7;18pA;TCGTG;CAATG;;;;;6342;5077;;;;
M7;18qA;GCG;GAA;;;;;4287;4010;;;;
M7;18qB;GAT;GGC;;;;;7160;189;;;;
M7;18qC;TAGG;GAAG;;;;;773;504;;;;
M7;19pA;CGA;TCG;;;;;6557;6355;;;;
M7;19pB;AGTCT;GGTTG;;;;;4708;4334;;;;
M7;19qA;TCGC;CCGC;CCAC;;;;1726;107;52;;;
M7;20pA;TGCC;TATT;;;;;4521;4297;;;;
M7;20pB;AGG;TCA;;;;;5616;5557;;;;
M7;20qA;TAC;GAA;;;;;4004;3602;;;;
M7;20qB;CAAC;;;;;;9479;;;;;
M7;21qA;CAGG;GTGG;;;;;4280;3916;;;;
M7;21qB;TAC;;;;;;9146;;;;;
M7;22qA;ACTG;ATGG;;;;;5388;4873;;;;
M7;22qB;GGCGT;AATAT;;;;;4761;4687;;;;
M8;1pA;GCGG;ACGC;;;;;5276;5131;;;;
M8;1pB;AGC;;;;;;5929;;;;;
M8;1pC;TAG;;;;;;6295;;;;;
M8;1pD;CCC;CCA;;;;;3336;2843;;;;
M8;1qA;AG;GA;;;;;3714;3072;;;;
M8;1qB;TCGC;CGGC;;;;;3178;2907;;;;
M8;1qC;GAC;TAA;;;;;1246;1050;;;;
M8;1qD;CAG;CAA;;;;;5414;4959;;;;
M8;2pA;TAGA;AAGA;;;;;4694;4007;;;;
M8;2pB;GCC;;;;;;8562;;;;;
M8;2pC;GCTT;GCGT;;;;;6786;6578;;;;
M8;2qA;CCAG;CCAC;;;;;3645;3456;;;;
M8;2qB;AAA;ATA;;;;;3890;3235;;;;
M8;2qC;TGG;ACA;;;;;1958;1699;;;;
M8;2qD;GCG;;;;;;8691;;;;;
M8;2qE;CAT;CGG;;;;;2982;2809;;;;
M8;3pA;CTAT;CTAC;;;;;5494;5203;;;;
M8;3pB;AACCG;CGCGA;;;;;3733;3275;;;;
M8;3qA;CACC;;;;;;8926;;;;;
M8;3qB;ACA;;;;;;9625;;;;;
M8;3qC;ACTGG;;;;;;6831;;;;;
M8;4pA;GGCA;;;;;;6880;;;;;
M8;4pB;CAC;TGC;;;;;5443;5222;;;;
M8;4qA;CTT;;;;;;9269;;;;;
M8;4qB;CAA;CGG;;;;;4833;4383;;;;
M8;4qC;GGGG;;;;;;11046;;;;;
M8;4qD;AACC;GGCC;;;;;5958;4626;;;;
M8;5pA;GCAC;ACAG;;;;;2612;2014;;;;
M8;5pB;CA;;;;;;12333;;;;;
M8;5qA;TCGT;TTTT;;;;;5152;4908;;;;
M8;5qB;TTGC;TTAC;;;;;6191;5605;;;;
M8;5qC;CGT;TGT;;;;;4089;4069;;;;
M8;6pA;CCT;CCA;;;;;6728;6640;;;;
M8;6qA;GCC;CCT;;;;;4541;3981;;;;
M8;6qB;GCGG;GCAC;;;;;4017;3820;;;;
M8;6qC;CTC;ATC;;;;;2334;2296;;;;
M8;6qD;TCCT;TCTT;;;;;4528;3401;;;;
M8;7pA;AATA;TATC;;;;;5090;4784;;;;
M8;7pB;AAGC;TAGC;;;;;6504;5771;;;;
M8;7pC;TCCGC;CCTAC;;;;;659;596;;;;
M8;7qA;CAC;;;;;;14494;;;;;
M8;7qB;CAA;CCA;;;;;3208;3118;;;;
M8;7qC;AGTGC;TACGC;;;;;4498;3744;;;;
M8;8pA;GGTA;AGTA;;;;;3636;3261;;;;
M8;8pB;CATCA;CTCTG;;;;;6796;5963;;;;
M8;8qA;AAT;AGT;;;;;6556;6386;;;;
M8;8qB;GTC;GTT;;;;;4972;4771;;;;
M8;8qC;CCGC;;;;;;10629;;;;;
M8;9pA;ATCAA;GTCGC;;;;;5390;5090;;;;
M8;9pB;TCGT;;;;;;8517;;;;;
M8;9qA;TCC;;;;;;11201;;;;;
M8;9qB;CGTT;TGCC;;;;;3642;3619;;;;
M8;9qC;ATCGC;;;;;;9095;;;;;
M8;10pA;TGG;;;;;;5613;;;;;
M8;10pB;TGA;TGG;;;;;2580;2578;;;;
M8;10qA;CGG;AAG;;;;;5477;4457;;;;
M8;10qB;GTA;;;;;;13861;;;;;
M8;11pA;GCG;;;;;;5436;;;;;
M8;11pB;CATG;;;;;;12930;;;;;
M8;11qA;CC;GC;;;;;5856;5048;;;;
M8;11qB;GTGC;ATAC;;;;;7630;7072;;;;
M8;11qC;AAT;AAC;;;;;3537;2852;;;;
M8;12pA;TTGA;;;;;;4225;;;;;
M8;12pB;TGT;;;;;;16503;;;;;
M8;12qB;AAAT;;;;;;7751;;;;;
M8;12qC;GCGC;;;;;;3959;;;;;
M8;13qA;ACAG;GTAA;;;;;6235;4295;;;;
M8;13qB;GGCG;ATCG;;;;;7339;4947;;;;
M8;13qC;CCTC;TGTG;;;;;4530;4445;;;;
M8;13qD;GGGT;;;;;;6627;;;;;
M8;14qA;GTG;GCG;;;;;1372;1279;;;;
M8;14qB;CCC;ATC;;;;;6274;5959;;;;
M8;14qC;CAG;TAG;;;;;4868;4658;;;;
M8;14qD;TAT;GTG;;;;;7361;6679;;;;
M8;15qA;GTAA;;;;;;14938;;;;;
M8;15qB;TGG;GAA;;;;;5063;4643;;;;
M8;15qC;ATT;GCT;;;;;3762;3421;;;;
M8;15qD;CTGG;;;;;;10738;;;;;
M8;16pA;CGTA;CATG;;;;;6570;6049;;;;
M8;16pB;GC;GT;;;;;106;100;;;;
M8;16qA;TGT;;;;;;9262;;;;;
M8;16qB;AAT;GAT;;;;;4890;4745;;;;
M8;17pA;TCC;;;;;;8695;;;;;
M8;17qA;GATT;ACCT;;;;;5570;4058;;;;
M8;17qB;AGC;AGT;;;;;5028;4902;;;;
M8;18pA;TCGTG;CAATG;;;;;5709;4619;;;;
M8;18qA;GAA;GCG;;;;;4820;4731;;;;
M8;18qB;GAT;;;;;;8537;;;;;
M8;18qC;TAGG;GAAG;;;;;917;682;;;;
M8;19pA;CGA;TCG;;;;;8425;6420;;;;
M8;19pB;AGTCT;GGTTG;;;;;4725;4211;;;;
M8;19qA;TCGC;;;;;;3430;;;;;
M8;20pA;TGCC;TATT;;;;;5746;5212;;;;
M8;20pB;AGG;TCA;;;;;6063;5974;;;;
M8;20qA;GAA;TAC;;;;;4282;3586;;;;
M8;20qB;CAAC;;;;;;11058;;;;;
M8;21qA;GTGG;CAGG;;;;;4446;4168;;;;
M8;21qB;TAC;;;;;;10867;;;;;
M8;22qA;ACTG;ATGG;;;;;6222;5709;;;;
M8;22qB;GGCGT;AATAT;;;;;5699;5262;;;;
