SampleName,Marker,Allele1,Allele2
Donor1,1pA,ACGC,GCCG
Donor1,1pB,AGC,AAC
Donor1,1pC,TGT,TGG
Donor1,1pD,CCC,
Donor1,1qA,GG,
Donor1,1qB,TCGT,
Donor1,1qC,TAC,AAC
Donor1,1qD,TAG,CAA
Donor1,2pA,TCGA,
Donor1,2pB,GCC,
Donor1,2pC,GCGT,ACGT
Donor1,2qA,TTAC,
Donor1,2qB,ATA,AAA
Donor1,2qC,TGG,ACG
Donor1,2qD,GCG,
Donor1,2qE,CGG,CAT
Donor1,3pA,CTAT,CTAC
Donor1,3pB,CGCGA,
Donor1,3qA,CACT,
Donor1,3qB,ACA,
Donor1,3qC,ACCGG,ACCAG
Donor1,4pA,GGCA,GGCG
Donor1,4pB,CGC,CAG
Donor1,4qA,GCG,CCG
Donor1,4qB,TGA,CAA
Donor1,4qC,TAGG,GGGG
Donor1,4qD,GGTC,GGCC
Donor1,5pA,ATAG,ACTG
Donor1,5pB,CA,AA
Donor1,5qA,TCTT,TCTA
Donor1,5qB,TTGC,TTAC
Donor1,5qC,CGC,CAC
Donor1,6pA,CCT,CTT
Donor1,6qA,GCT,
Donor1,6qB,GCGG,
Donor1,6qC,CTC,ATC
Donor1,6qD,TCTT,
Donor1,7pA,AGTC,
Donor1,7pB,AGGC,TAGT
Donor1,7pC,CTCGT,
Donor1,7qA,CAC,CAT
Donor1,7qB,TCA,CAA
Donor1,7qC,TACGC,AGTGC
Donor1,8pA,GGTA,GGGG
Donor1,8pB,CATCA,
Donor1,8qA,AAT,
Donor1,8qB,ATT,GTC
Donor1,8qC,CAGC,CCGC
Donor1,9pA,ATCAA,ATTGC
Donor1,9pB,TCGT,
Donor1,9qA,GGC,TGC
Donor1,9qB,TGCT,CATT
Donor1,9qC,ATCGC,GCTGA
Donor1,10pA,TAG,TGG
Donor1,10pB,TGA,TGG
Donor1,10qA,AGG,AAG
Donor1,10qB,AGA,GTA
Donor1,11pA,ATG,GCG
Donor1,11pB,CGCG,TGCG
Donor1,11qA,CC,
Donor1,11qB,ATGT,GTGC
Donor1,11qC,AAC,
Donor1,12pA,ACGA,
Donor1,12pB,TAT,TGT
Donor1,12qB,GCAC,
Donor1,12qC,GCGC,
Donor1,13qA,ATAA,ATGG
Donor1,13qB,GGCG,ATCG
Donor1,13qC,CGTC,TGTG
Donor1,13qD,AGGT,AAAT
Donor1,14qA,GCG,TCG
Donor1,14qB,ATC,
Donor1,14qC,TGG,
Donor1,14qD,GTG,GAT
Donor1,15qA,ACAA,GTAA
Donor1,15qB,TGG,GGG
Donor1,15qC,GCT,
Donor1,15qD,CCGG,CTGA
Donor1,16pA,CGTA,
Donor1,16pB,AC,GT
Donor1,16qA,TGC,TGT
Donor1,16qB,GGA,
Donor1,17pA,TCA,TCC
Donor1,17qA,ACCT,GCCC
Donor1,17qB,AGT,GGC
Donor1,18pA,CAATG,TCGTG
Donor1,18qA,GCG,
Donor1,18qB,GGC,
Donor1,18qC,TAGG,GAAG
Donor1,19pA,CGG,CGA
Donor1,19pB,AACTG,GGTTG
Donor1,19qA,TCGC,CCAC
Donor1,20pA,TGCC,CACC
Donor1,20pB,AGG,TCA
Donor1,20qA,GGC,
Donor1,20qB,TCGC,CCGT
Donor1,21qA,CAGG,GAGA
Donor1,21qB,TAC,TAT
Donor1,22qA,ACTA,TCGG
Donor1,22qB,AATAT,
Donor2,1pA,ACGC,GCGG
Donor2,1pB,AGC,
Donor2,1pC,TAG,
Donor2,1pD,CCA,CCC
Donor2,1qA,GA,AG
Donor2,1qB,TCGC,CGGC
Donor2,1qC,GAC,TAA
Donor2,1qD,CAG,CAA
Donor2,2pA,TAGA,AAGA
Donor2,2pB,GCC,
Donor2,2pC,GCTT,GCGT
Donor2,2qA,CCAG,CCAC
Donor2,2qB,AAA,ATA
Donor2,2qC,TGG,ACA
Donor2,2qD,GCG,
Donor2,2qE,CAT,CGG
Donor2,3pA,CTAC,CTAT
Donor2,3pB,CGCGA,AACCG
Donor2,3qA,CACC,
Donor2,3qB,ACA,
Donor2,3qC,ACTGG,
Donor2,4pA,GGCA,
Donor2,4pB,CAC,TGC
Donor2,4qA,CTT,
Donor2,4qB,CGG,CAA
Donor2,4qC,GGGG,
Donor2,4qD,AACC,GGCC
Donor2,5pA,GCAC,ACAG
Donor2,5pB,CA,
Donor2,5qA,TCGT,TTTT
Donor2,5qB,TTGC,TTAC
Donor2,5qC,TGT,CGT
Donor2,6pA,CCA,CCT
Donor2,6qA,CCT,GCC
Donor2,6qB,GCGG,GCAC
Donor2,6qC,CTC,ATC
Donor2,6qD,TCCT,TCTT
Donor2,7pA,TATC,AATA
Donor2,7pB,TAGC,AAGC
Donor2,7pC,CCTAC,TCCGC
Donor2,7qA,CAC,
Donor2,7qB,CAA,CCA
Donor2,7qC,TACGC,AGTGC
Donor2,8pA,GGTA,AGTA
Donor2,8pB,CATCA,CTCTG
Donor2,8qA,AGT,AAT
Donor2,8qB,GTC,GTT
Donor2,8qC,CCGC,
Donor2,9pA,GTCGC,ATCAA
Donor2,9pB,TCGT,
Donor2,9qA,TCC,
Donor2,9qB,CGTT,TGCC
Donor2,9qC,ATCGC,
Donor2,10pA,TGG,
Donor2,10pB,TGG,TGA
Donor2,10qA,CGG,AAG
Donor2,10qB,GTA,
Donor2,11pA,GCG,
Donor2,11pB,CATG,
Donor2,11qA,CC,GC
Donor2,11qB,ATAC,GTGC
Donor2,11qC,AAT,AAC
Donor2,12pA,TTGA,
Donor2,12pB,TGT,
Donor2,12qB,AAAT,
Donor2,12qC,GCGC,
Donor2,13qA,ACAG,GTAA
Donor2,13qB,GGCG,ATCG
Donor2,13qC,TGTG,CCTC
Donor2,13qD,GGGT,
Donor2,14qA,GTG,GCG
Donor2,14qB,CCC,ATC
Donor2,14qC,TAG,CAG
Donor2,14qD,TAT,GTG
Donor2,15qA,GTAA,
Donor2,15qB,GAA,TGG
Donor2,15qC,ATT,GCT
Donor2,15qD,CTGG,
Donor2,16pA,CATG,CGTA
Donor2,16pB,GC,GT
Donor2,16qA,TGT,
Donor2,16qB,GAT,AAT
Donor2,17pA,TCC,
Donor2,17qA,GATT,ACCT
Donor2,17qB,AGC,AGT
Donor2,18pA,TCGTG,CAATG
Donor2,18qA,GCG,GAA
Donor2,18qB,GAT,
Donor2,18qC,TAGG,GAAG
Donor2,19pA,CGA,TCG
Donor2,19pB,AGTCT,GGTTG
Donor2,19qA,TCGC,
Donor2,20pA,TATT,TGCC
Donor2,20pB,AGG,TCA
Donor2,20qA,TAC,GAA
Donor2,20qB,CAAC,
Donor2,21qA,GTGG,CAGG
Donor2,21qB,TAC,
Donor2,22qA,ACTG,ATGG
Donor2,22qB,GGCGT,AATAT
Donor3,1pA,GCGG,ATGC
Donor3,1pB,AGC,AAC
Donor3,1pC,TAG,TGG
Donor3,1pD,CCA,CTA
Donor3,1qA,AG,GA
Donor3,1qB,CGGC,
Donor3,1qC,GAC,TAA
Donor3,1qD,TAG,
Donor3,2pA,TAAT,TCGA
Donor3,2pB,GAA,GCC
Donor3,2pC,GCGT,GCGG
Donor3,2qA,CCAC,CCAG
Donor3,2qB,AAA,
Donor3,2qC,ACA,ACG
Donor3,2qD,GCA,GGG
Donor3,2qE,CGG,CAG
Donor3,3pA,CTAC,CCGT
Donor3,3pB,CGCGA,
Donor3,3qA,CACT,
Donor3,3qB,GTA,GCC
Donor3,3qC,ACCGG,
Donor3,4pA,GGCA,CTCA
Donor3,4pB,CAG,CGC
Donor3,4qA,CCG,
Donor3,4qB,TGA,CGA
Donor3,4qC,TAGG,TGAG
Donor3,4qD,GGCC,GGTC
Donor3,5pA,GCAC,ATAG
Donor3,5pB,CA,CC
Donor3,5qA,TCTT,TCGT
Donor3,5qB,CCAC,CCAT
Donor3,5qC,CAC,
Donor3,6pA,CCT,CCA
Donor3,6qA,GCC,GCT
Donor3,6qB,GCGG,ACGG
Donor3,6qC,CTC,ATC
Donor3,6qD,TCCT,TCTT
Donor3,7pA,AGTC,
Donor3,7pB,AAGC,
Donor3,7pC,TCCGC,CCTAC
Donor3,7qA,CGC,
Donor3,7qB,TCA,CCA
Donor3,7qC,AGTGC,
Donor3,8pA,AGTG,
Donor3,8pB,CTCTG,CATCA
Donor3,8qA,AAT,AAC
Donor3,8qB,GCT,GTT
Donor3,8qC,CCGC,
Donor3,9pA,GTCAC,
Donor3,9pB,TCGT,
Donor3,9qA,GGG,TGC
Donor3,9qB,TGCT,CATT
Donor3,9qC,ACCGC,GCTGA
Donor3,10pA,TGG,TGA
Donor3,10pB,TGA,
Donor3,10qA,AAG,
Donor3,10qB,GTA,
Donor3,11pA,GTA,ATG
Donor3,11pB,TGCG,CATG
Donor3,11qA,TC,
Donor3,11qB,GTGC,
Donor3,11qC,AAT,AAC
Donor3,12pA,ACGA,ATGA
Donor3,12pB,TGT,GGT
Donor3,12qB,AAAC,AAAT
Donor3,12qC,ATAT,ACAT
Donor3,13qA,ACAG,ATAA
Donor3,13qB,ATCA,ATAG
Donor3,13qC,CCTC,TGGC
Donor3,13qD,AAAT,AAGT
Donor3,14qA,GCG,TCC
Donor3,14qB,CCC,ACC
Donor3,14qC,TGG,CAG
Donor3,14qD,GAT,GTG
Donor3,15qA,ATCA,ATAA
Donor3,15qB,GGA,
Donor3,15qC,ATT,GCT
Donor3,15qD,CCGG,
Donor3,16pA,CGTA,CATG
Donor3,16pB,AC,GT
Donor3,16qA,TGT,
Donor3,16qB,AAT,GGA
Donor3,17pA,TCC,TCA
Donor3,17qA,GATT,ACCT
Donor3,17qB,GGC,AGT
Donor3,18pA,TCGTG,
Donor3,18qA,GCG,GAG
Donor3,18qB,GGC,
Donor3,18qC,TGAG,TGAT
Donor3,19pA,CGA,TCG
Donor3,19pB,AACTG,
Donor3,19qA,CCAC,
Donor3,20pA,TGCC,TATT
Donor3,20pB,AGG,
Donor3,20qA,TAC,GGC
Donor3,20qB,CAAC,CCAT
Donor3,21qA,CAGG,
Donor3,21qB,TAC,
Donor3,22qA,ACTA,
Donor3,22qB,AATAT,
